25888242248	/Volumes/HDD - One Touch/WEBDL/tiktok/@verwijderddk/Borderline prinses 👸 (@verwijderddk) is LIVE - TikTok LIVE/recording_tiktok_@verwijderddk_Borderline prinses 👸 (@verwijderddk) is LIVE - TikTok LIVE_2026-04-17T17-29-27-129Z_raw.mp4
21214857136	/Volumes/HDD - One Touch/WEBDL/tiktok/@amazinglymacee/AmazinglyMacee (@amazinglymacee) is LIVE - TikTok LIVE/recording_tiktok_@amazinglymacee_AmazinglyMacee (@amazinglymacee) is LIVE - TikTok LIVE_2026-04-11T21-42-11-847Z_raw.mp4
17575518362	/Volumes/HDD - One Touch/WEBDL/tiktok/@blalablaaablaaa112333/Ayşenur (@blalablaaablaaa112333) is LIVE - TikTok LIVE/recording_tiktok_@blalablaaablaaa112333_Ayşenur (@blalablaaablaaa112333) is LIVE - TikTok LIVE_2026-03-28T09-49-26-749Z_raw.mp4
14787565566	/Volumes/HDD - One Touch/WEBDL/tiktok/@mollyallin/✨Molly Allin✨ (@mollyallin) is LIVE - TikTok LIVE/recording_tiktok_@mollyallin_✨Molly Allin✨ (@mollyallin) is LIVE - TikTok LIVE_2026-04-17T05-39-13-468Z_raw.mp4
13244126471	/Volumes/HDD - One Touch/WEBDL/tiktok/@lilqueenofthevoid/Staz (@lilqueenofthevoid) is LIVE - TikTok LIVE/recording_tiktok_@lilqueenofthevoid_Staz (@lilqueenofthevoid) is LIVE - TikTok LIVE_2026-04-17T11-15-31-201Z_raw.mp4
7911482661	/Volumes/HDD - One Touch/WEBDL/youtube/WaterTube/🟣🟡 Waterslides at Rulantica 🟢🔴/🟣🟡 Waterslides at Rulantica 🟢🔴.mp4
7019362204	/Volumes/HDD - One Touch/WEBDL/footfetishforum/unknown/5QANcwUf/5QANcwUf [5QANcwUf].mp4
6973600150	/Volumes/HDD - One Touch/WEBDL/youtube/Splish Splash Adventures/Unseen Secrets_ Exploring Europe's INSANE Water Park. Aquaparadise in Bulgaria. All Waterslides/Unseen Secrets： Exploring Europe's INSANE Water Park. Aquaparadise in Bulgaria. All Waterslides [pqGIVT3Mv8g].mp4
6352054132	/Volumes/HDD - One Touch/WEBDL/youtube/Nomadic Ambience/Relaxing Winter Rain Walk _ Thunderstorm Sounds for Sleep & Stress Relief ASMR/Relaxing Winter Rain Walk ｜ Thunderstorm Sounds for Sleep & Stress Relief ASMR.mp4
6057332864	/Volumes/HDD - One Touch/WEBDL/youtube/WaterTube/GIGANTIC Waterpark in Hungary! 🇭🇺 HungaroSPA Hajdúszoboszló/GIGANTIC Waterpark in Hungary! 🇭🇺 HungaroSPA Hajdúszoboszló.mp4
5631639600	/Volumes/HDD - One Touch/WEBDL/tiktok/@shanttt_/Shanty & Opus (@shanttt_) is LIVE - TikTok LIVE/recording_tiktok_@shanttt_Shanty & Opus (@shanttt_) is LIVE - TikTok LIVE_2026-04-11T16-19-55-045Z_raw.mp4
5184421936	/Volumes/HDD - One Touch/WEBDL/tiktok/@chaos.goddess1/Chaos Goddess (@chaos.goddess1) is LIVE - TikTok LIVE/recording_tiktok_@chaos.goddess1_Chaos Goddess (@chaos.goddess1) is LIVE - TikTok LIVE_2026-04-24T21-35-17-438Z_raw.mp4
5082706275	/Volumes/HDD - One Touch/WEBDL/footfetishforum/Cam Girls Feet Content/FbwnnjVt [FbwnnjVt].mp4
4566782396	/Volumes/HDD - One Touch/WEBDL/tiktok/@nicoleruinaa/𝓝𝓘𝓒𝓞𝓛𝓔🍒 (@nicoleruinaa) is LIVE - TikTok LIVE/recording_tiktok_@nicoleruinaa_𝓝𝓘𝓒𝓞𝓛𝓔🍒 (@nicoleruinaa) is LIVE - TikTok LIVE_2026-04-24T10-35-53-088Z_raw.mp4
4445613527	/Volumes/HDD - One Touch/WEBDL/youtube/k5n3two/Ed Sheeran's Perfect Piano cover Pedal Request/＂I Believe In Joe Hendry＂ - Official Music Video 10 Hours.f135.mp4
4291867884	/Volumes/HDD - One Touch/WEBDL/youtube/Street billiards/Kuko de Colombia vs el Swa - $100,000 - 5 da kuku/Kuko de Colombia vs el Swa - $100,000 - 5 da kuku.mp4
4111909132	/Volumes/HDD - One Touch/WEBDL/footfetishforum/unknown/oUhYBaH4/oUhYBaH4 [oUhYBaH4].mp4
4061546742	/Volumes/HDD - One Touch/WEBDL/youtube/Socks Anon/(prev) Talia tickled on the phone/Waterslides at O'Gliss Park in France.mp4
4041366951	/Volumes/HDD - One Touch/WEBDL/tiktok/@juciebaby96/GreenChrissi💚 (@juciebaby96) is LIVE - TikTok LIVE/recording_tiktok_@juciebaby96_GreenChrissi💚 (@juciebaby96) is LIVE - TikTok LIVE_2026-05-01T05-58-16-677Z_raw.mp4
3789031503	/Volumes/HDD - One Touch/WEBDL/youtube/Gezen Bayan/Water Slides at Aquapark Istralandia in Croatia/Water Slides at Aquapark Istralandia in Croatia.mp4
3773038640	/Volumes/HDD - One Touch/WEBDL/tiktok/@harleenquinnzel1990/Harleen (@harleenquinnzel1990) is LIVE - TikTok LIVE/recording_tiktok_@harleenquinnzel1990_Harleen (@harleenquinnzel1990) is LIVE - TikTok LIVE_2026-03-28T23-01-13-178Z_raw.mp4
3735911926	/Volumes/HDD - One Touch/WEBDL/_4KDownloader/Medical ASMR Archive/217. 272 - Unintentional ASMR - Assessment   Exam   Head to Toe.mkv
3649543069	/Volumes/HDD - One Touch/WEBDL/_4KDownloader/Medical ASMR Archive/74. 415 - Unintentional ASMR - Assessment   Exam   Head to Toe.mkv
3565699368	/Volumes/HDD - One Touch/WEBDL/imports/videodownloadhelper/Unbelievable_and_Amazing_Waterslides_6adbel.mkv
3565699364	/Volumes/HDD - One Touch/WEBDL/imports/videodownloadhelper/3._Unbelievable_and_Amazing_Waterslides_nao99i_7ubvqd.mkv
3392677580	/Volumes/HDD - One Touch/WEBDL/imports/videodownloadhelper/2._We_Tried_Every_Slide_at_This_Indoor_Water_Park!_xkq3w8_8h7fox.mkv
3190933085	/Volumes/HDD - One Touch/WEBDL/youtube/Pretty Feet Toes And Soles/foot reflexology and stretching @Bellasyourgod/They Said It Died After Upgrading RAM- But There's More To The STORY!.mp4
3187146800	/Volumes/HDD - One Touch/WEBDL/youtube/k5n3two/Ed Sheeran's Perfect Piano cover Pedal Request/＂I Believe In Joe Hendry＂ - Official Music Video 10 Hours.temp.mp4
3165526376	/Volumes/HDD - One Touch/WEBDL/imports/videodownloadhelper/100._DIY_sandals_🩴_jw721x.mkv
3135910033	/Volumes/HDD - One Touch/WEBDL/_4KDownloader/hub/1706/Waterslides at Aqualand Costa Adeje in Tenerife Spain 🇪🇸 [KFxnVyuvTbc].webm
3129098554	/Volumes/HDD - One Touch/WEBDL/_4KDownloader/hub/26/Relaxed soles at cafe [7oMgJPHf8uw].f315.webm.part
3080164628	/Volumes/HDD - One Touch/WEBDL/_4KDownloader/Feet girls/194. asian girl feet [1] 4K.mkv
3063083037	/Volumes/HDD - One Touch/WEBDL/_4KDownloader/Medical ASMR Archive/220. 269 - Unintentional ASMR - Assessment   Exam   Head to Toe.mkv
2922488132	/Volumes/HDD - One Touch/WEBDL/youtube/Filipina Elated/Afternoon Live!❤️/Afternoon Live!❤️.mp4
2864539167	/Volumes/HDD - One Touch/WEBDL/imports/videodownloadhelper/9._🇮🇹_Italy's_LARGEST_Water_Park_-_Ondaland_Acquapark_urvrf9_ytapu5.mkv
2849405249	/Volumes/HDD - One Touch/WEBDL/beauty-angels/unknown/Beauty-Angels_Dakota_Doll_Sumiko_Virgin_Butterfly_GGG_3840x2160/Beauty-Angels_Dakota_Doll_Sumiko_Virgin_Butterfly_GGG_3840x2160.mp4
2759590919	/Volumes/HDD - One Touch/WEBDL/footfetishforum/Bff Feet With Friends Thread/Amateur Lesbian Feet Compilation [SUFFXdFiH3b].mp4
2620801873	/Volumes/HDD - One Touch/WEBDL/youtube/Future feat Souls/Sharmi & Daisy _ Reflexology & Foot Reading _ Feet Interview after Volleyball/Sharmi & Daisy ｜ Reflexology & Foot Reading ｜ Feet Interview after Volleyball.mp4
2603088896	/Volumes/HDD - One Touch/WEBDL/youtube/JC The Barber/JC The Barber is live!/JC The Barber is live!.mp4
2599358824	/Volumes/HDD - One Touch/WEBDL/tiktok/@millen.ivm/millen.ivm (@millen.ivm) is LIVE - TikTok LIVE/recording_tiktok_@millen.ivm_millen.ivm (@millen.ivm) is LIVE - TikTok LIVE_2026-04-17T02-39-46-367Z_raw.mp4
2549013613	/Volumes/HDD - One Touch/WEBDL/youtube/Gezen Adam/Water Slides at Illa Fantasia Waterpark in Barcelona, Spain/Water Slides at Illa Fantasia Waterpark in Barcelona, Spain [MGdoVVbqBtk].mp4
2504851418	/Volumes/HDD - One Touch/WEBDL/_Keep2Share/Keep2Share - Best 2019 sexy milf legs teen toes amar voyeur candid feet 25.mp4/more_porn_freepornk2s.com_Goddess valeria  sloppy kiss with sexy sandra 4k.mp4
2500051262	/Volumes/HDD - One Touch/WEBDL/footfetishforum/Cam Girls Feet Content/CCydswYe [CCydswYe].mp4
2473445097	/Volumes/HDD - One Touch/WEBDL/_4KDownloader/hub/30/10k Subs Special - Top moments on my Bikini Waterpark channel! [tQIVi12Vkoc].webm
2466582361	/Volumes/HDD - One Touch/WEBDL/footfetishforum/Cam Girls Feet Content/FdqbfoLR [FdqbfoLR].mp4
2435307653	/Volumes/HDD - One Touch/WEBDL/youtube/Alis and Nati/We Stayed at a BEACH HOUSE!/We Stayed at a BEACH HOUSE!.mp4
2428450057	/Volumes/HDD - One Touch/WEBDL/_4KDownloader/hub/1112/POV： CRAZIEST Waterslide at Aquapark Nessebar Waterpark ｜ Space Shuttle Waterslide [4F0hrL-2ddA].webm
2318556661	/Volumes/HDD - One Touch/WEBDL/_Keep2Share/Forumophilia - PORN FORUM ; Lovely women's legs in Foot fetish video - Page 364/NnfBqKjJynTLQKd.mp4
2315574057	/Volumes/HDD - One Touch/WEBDL/youtube/Simply Pinay/Good evening dumaguete/Good evening dumaguete.f137.mp4
2294870058	/Volumes/HDD - One Touch/WEBDL/_4KDownloader/hub/1079/POV： CRAZIEST Waterslide at Aquapark Nessebar Waterpark ｜ Space Shuttle Waterslide [asj8X6xbbhI].webm
2291214739	/Volumes/HDD - One Touch/WEBDL/_Keep2Share/Anya Zenkova - Kitchen/Anya Zenkova - Kitchen.mp4
2259950956	/Volumes/HDD - One Touch/WEBDL/_4KDownloader/hub/3456/Water Slides at Kalahari Indoor Water Park in Round Rock, Texas 🇺🇸 [0FQlslMPXI4].webm
2208720759	/Volumes/HDD - One Touch/WEBDL/_Keep2Share/Beautiful Chicks and their Delicious Pussy front of Webcam - Page 1378/ScarlettGraceVIP Sexy Body Writing and Marker Tease Solo Webcam.mp4
2190886639	/Volumes/HDD - One Touch/WEBDL/_4KDownloader/Feet girls/310. High Quality Sunkissed Asian Soles.mkv
2189260071	/Volumes/HDD - One Touch/WEBDL/_4KDownloader/hub/1459/POV： CRAZIEST Waterslide at Aquapark Nessebar Waterpark ｜ Space Shuttle Waterslide [ZSab24IPbhs].webm
2169529716	/Volumes/HDD - One Touch/WEBDL/_4KDownloader/hub/3451/Gold Coast to Byron Bay Australia - Best of Summer Season -  I Love Walks & Rides 4K [oRkgD7a033E].webm
2129103371	/Volumes/HDD - One Touch/WEBDL/footfetishforum/thread_13373/Cam Girls Feet Content _ Foot Fetish Forum - The Feet Lover Community/FdqbfoLR [FdqbfoLR].mp4.part
2119172144	/Volumes/HDD - One Touch/WEBDL/tiktok/@user36891x/user36891x (@user36891x) is LIVE - TikTok LIVE/recording_tiktok_@user36891x_user36891x (@user36891x) is LIVE - TikTok LIVE_2026-03-28T21-12-56-443Z_raw.mp4
2110521392	/Volumes/HDD - One Touch/WEBDL/tiktok/@sunrise_ruby/Sunrise_Rubyy (@sunrise_ruby) is LIVE - TikTok LIVE/recording_tiktok_@sunrise_ruby_Sunrise_Rubyy (@sunrise_ruby) is LIVE - TikTok LIVE_2026-03-06T00-50-01-081Z_raw.mp4
2094890629	/Volumes/HDD - One Touch/WEBDL/_Keep2Share/Keep2Share - Best 2019 sexy milf legs teen toes amar voyeur candid feet 25.mp4/9_SERVANTS FOR GIRLS - VICTORIA - Show me how well you can lick my feet! - FULL.mp4
2075953417	/Volumes/HDD - One Touch/WEBDL/_Keep2Share/Keep2Share - Best 2019 sexy milf legs teen toes amar voyeur candid feet 25.mp4/downloadpCruMPEG-4.mp4
2072957029	/Volumes/HDD - One Touch/WEBDL/imports/videodownloadhelper/Classroom_Candid_Feet_#52_3og0aw_1c2etxa.mkv
2036878720	/Volumes/HDD - One Touch/WEBDL/tiktok/@zaretskayaa/Anya 🥥 (@zaretskayaa) is LIVE - TikTok LIVE/recording_tiktok_@zaretskayaa_Anya 🥥 (@zaretskayaa) is LIVE - TikTok LIVE_2026-04-10T22-30-08-906Z_raw.mp4
2021796936	/Volumes/HDD - One Touch/WEBDL/_4KDownloader/Medical ASMR Archive/94. 395 - Unintentional ASMR - Assessment   Exam   Head to Toe.mkv
2021311572	/Volumes/HDD - One Touch/WEBDL/youtube/Jamaica nature kitchen/Living offgrid in Portland Jamaica 🇯🇲/Living offgrid in Portland Jamaica 🇯🇲.mp4
2001852674	/Volumes/HDD - One Touch/WEBDL/footfetishforum/Cam Girls Feet Content/EG7wGTRm [EG7wGTRm].mp4
1997855773	/Volumes/HDD - One Touch/WEBDL/footfetishforum/Cam Girls Feet Content/GhRoJAsV [GhRoJAsV].mp4
1989791607	/Volumes/HDD - One Touch/WEBDL/_Keep2Share/Keep2Share - Best 2019 sexy milf legs teen toes amar voyeur candid feet 25.mp4/more_porn_freepornk2s.com_Goddess valeria  tea made from very smelly socks 4k.mp4
1982494987	/Volumes/HDD - One Touch/WEBDL/_Keep2Share/Keep2Share - Best 2019 sexy milf legs teen toes amar voyeur candid feet 25.mp4/038.F.F.B_10447.mp4
1982494987	/Volumes/HDD - One Touch/WEBDL/_Keep2Share/Keep2Share - Best 2019 sexy milf legs teen toes amar voyeur candid feet 25.mp4/B_10447.mp4
1974511230	/Volumes/HDD - One Touch/WEBDL/beauty-angels/unknown/Beauty-Angels_Sara_Flow_3840x2160/Beauty-Angels_Sara_Flow_3840x2160.mp4
1964146352	/Volumes/HDD - One Touch/WEBDL/_Keep2Share/Beautiful Chicks and their Delicious Pussy front of Webcam - Page 1379/Eli Sunshine - Naughty Skirt Stripping Solo Webcam Tease.mp4
1930812265	/Volumes/HDD - One Touch/WEBDL/youtube/Azerty/Livestream Azerty/Livestream Azerty.mp4
1913612856	/Volumes/HDD - One Touch/WEBDL/youtube/Mike Orazzi/College Swimming Diving Springfield Amherst iPhone 17 #swimming #collegesports #sports/College Swimming Diving Springfield Amherst iPhone 17 #swimming #collegesports #sports.f401.mp4.part
1871858607	/Volumes/HDD - One Touch/WEBDL/_4KDownloader/Medical ASMR Archive/122. 367 - Unintentional ASMR - Assessment   Exam   Head to Toe.mkv
1842509218	/Volumes/HDD - One Touch/WEBDL/imports/videodownloadhelper/56._Long_walking_with_my_black_platform_Buffalo_Cld_Tec_in_forest_👡_15f1j6.mkv
1837683946	/Volumes/HDD - One Touch/WEBDL/CAM-GIRLS/Chatroulette/Chatroulette Webcam girls feet 6.mp4
1837608561	/Volumes/HDD - One Touch/WEBDL/_Keep2Share/pornvideotube.online_G7eXk0IUh/pornvideotube.online_G7eXk0IUh.mp4
1835396731	/Volumes/HDD - One Touch/WEBDL/_4KDownloader/hub/3455/Solo Camping Girl： Alone on a Wild Shore ｜ Kayak Fishing & Campfire ASMR [saCeG2FwZEk].webm
1791772728	/Volumes/HDD - One Touch/WEBDL/youtube/Splish Splash Adventures/Unseen Secrets_ Exploring Europe's INSANE Water Park. Aquaparadise in Bulgaria. All Waterslides/Unseen Secrets： Exploring Europe's INSANE Water Park. Aquaparadise in Bulgaria. All Waterslides [XspmbCKvXKg].mp4
1765645280	/Volumes/HDD - One Touch/WEBDL/telegram/chat_2594686490/Sequence 01.mp4
1757802746	/Volumes/HDD - One Touch/WEBDL/_Keep2Share/Keep2Share - Home/[https;⁄⁄onlyfootfetish.net]_Oiled Sandals Shoejob – BootyfullWifey(Feet porn)_.mp4
1736179760	/Volumes/HDD - One Touch/WEBDL/tiktok/@sophia.streams1/Sophia ! (@sophia.streams1) is LIVE - TikTok LIVE/recording_tiktok_@sophia.streams1_Sophia ! (@sophia.streams1) is LIVE - TikTok LIVE_2026-05-01T03-27-47-309Z_raw.mp4
1730447260	/Volumes/HDD - One Touch/WEBDL/CAM-GIRLS/Chatroulette/Chatroulette Webcam girls feet 22.mp4
1721434050	/Volumes/HDD - One Touch/WEBDL/_4KDownloader/hub/1445/DARE TO SPLASH？! FUN Waterslide Adventure at Aquaparadise in Nessebar [GAPcnrFasEA].webm
1718413149	/Volumes/HDD - One Touch/WEBDL/beauty-angels/unknown/Beauty-Angels_Ashley_Wilde_3840x2160/Beauty-Angels_Ashley_Wilde_3840x2160.mp4
1715924915	/Volumes/HDD - One Touch/WEBDL/youtube/King Arthur - Fun & Travel/Beach Walk and Underwater video 4k60 - Beautiful Greece/Beach Walk and Underwater video 4k60 - Beautiful Greece.mp4
1715902524	/Volumes/HDD - One Touch/WEBDL/_4KDownloader/Feet girls/463. Am I cute 🥰.mkv
1696837502	/Volumes/HDD - One Touch/WEBDL/_4KDownloader/hub/30/Beach Walk and Underwater video 4k60 - Beautiful Greece [V8Yny5D10z0].webm
1694570413	/Volumes/HDD - One Touch/WEBDL/_4KDownloader/Feet girls/441. Mature Gym Soles.mkv
1692197536	/Volumes/HDD - One Touch/WEBDL/youtube/Splish Splash Adventures/Unseen Secrets_ Exploring Europe's INSANE Water Park. Aquaparadise in Bulgaria. All Waterslides/Unseen Secrets： Exploring Europe's INSANE Water Park. Aquaparadise in Bulgaria. All Waterslides [inTRgYE3ApI].mp4
1690281427	/Volumes/HDD - One Touch/WEBDL/youtube/King Arthur - Fun & Travel/Crazy Nessebar bikini waterpark Part 3 4k60/Crazy Nessebar bikini waterpark Part 3 4k60 [86ZJsK6Z8l4].mp4
1687782129	/Volumes/HDD - One Touch/WEBDL/_4KDownloader/hub/30/Beach Walk and Underwater video 4k60 - Beautiful Greece [V8Yny5D10z0].f401.mp4
1686458528	/Volumes/HDD - One Touch/WEBDL/_Keep2Share/Beautiful Chicks and their Delicious Pussy front of Webcam - Page 1379/Didi Actives Tattooed Baby Girl Solo Webcam Squat Tease.mp4
1682414059	/Volumes/HDD - One Touch/WEBDL/youtube/King Arthur - Fun & Travel/Crazy Nessebar bikini waterpark Part 3 4k60/Crazy Nessebar bikini waterpark Part 3 4k60 [86ZJsK6Z8l4].f401.mp4
1679519123	/Volumes/HDD - One Touch/WEBDL/_4KDownloader/hub/1136/DARE TO SPLASH？! FUN Waterslide Adventure at Europe’s LARGEST Water Park Aquaparadise in Nessebar [2AgekLa4TOA].webm
1672151040	/Volumes/HDD - One Touch/WEBDL/_4KDownloader/Medical ASMR Archive/017a-2f70-84b1-ae0b.part
1657989832	/Volumes/HDD - One Touch/WEBDL/_4KDownloader/hub/3782/Amazing Nessebar waterpark  part 2 - Waterpark bikini, Mat Racer [AVwrgB_V0fo].webm
1645819436	/Volumes/HDD - One Touch/WEBDL/youtube/Splish Splash Adventures/Unseen Secrets_ Exploring Europe's INSANE Water Park. Aquaparadise in Bulgaria. All Waterslides/SPLISH SPLASH EDIT 1.m4v
1626505496	/Volumes/HDD - One Touch/WEBDL/CAM-GIRLS/Chatroulette/chatroulette girls feet 27.mp4
1622061088	/Volumes/HDD - One Touch/WEBDL/_Keep2Share/Keep2Share - Home/kinky-fetishes.porn_lrA5JKXO.mp4
1617431538	/Volumes/HDD - One Touch/WEBDL/youtube/Gezen Adam/Water Slides at Water World Parc in Lloret de Mar, Girona, Spain/Water Slides at Water World Parc in Lloret de Mar, Girona, Spain.mp4
1615258477	/Volumes/HDD - One Touch/WEBDL/_4KDownloader/hub/30/Baloon Waterpark - Bikini girls having fun [shd_FyxhYVQ].webm
1592588111	/Volumes/HDD - One Touch/WEBDL/CAM-GIRLS/Chatroulette/Chatroulette girls feet 186.mp4
1576767514	/Volumes/HDD - One Touch/WEBDL/_4KDownloader/hub/1120/POV： CRAZIEST Waterslides at Dubai Aquaventure Waterpark [PQ3pan57FAM].webm
1574749975	/Volumes/HDD - One Touch/WEBDL/_4KDownloader/hub/1139/DARE TO SPLASH？! FUN Waterslide Adventure at Europe’s LARGEST Water Park Aquaparadise in Nessebar [XJPpztVwRxA].webm
1572491491	/Volumes/HDD - One Touch/WEBDL/youtube/City-Feet.com Russian/Anna - A summer barefoot walk [pt.2] (from City-Feet.com)/Unseen Secrets： Exploring Europe's INSANE Water Park. Aquaparadise in Bulgaria. All Waterslides [pqGIVT3Mv8g].mp4
1565559498	/Volumes/HDD - One Touch/WEBDL/_Keep2Share/Forumophilia - PORN FORUM ; Lovely women's legs in Foot fetish video - Page 366/footfetish_goddess_zephy_-_pov_nylon_foot_worship.mp4
1561809709	/Volumes/HDD - One Touch/WEBDL/_4KDownloader/Splish Splash Adventures Clips/142. DARE TO SPLASH! FUN Waterslide Adventure at Europe’s LARGEST Water Park Aquaparadise in Nessebar.mkv
1554090294	/Volumes/HDD - One Touch/WEBDL/youtube/Gals O' Gurk/Build and Chill with Us_ Building the UCS LEGO Star Wars Jabba's Sail Barge Episode III/Build and Chill with Us： Building the UCS LEGO Star Wars Jabba's Sail Barge Episode III.mp4
1550082384	/Volumes/HDD - One Touch/WEBDL/CAM-GIRLS/Chatroulette/chatroulette girls feet 28.mp4
1544929724	/Volumes/HDD - One Touch/WEBDL/CAM-GIRLS/Chatroulette/Chatroulette Webcam girls feet 21.mp4
1536535941	/Volumes/HDD - One Touch/WEBDL/imports/videodownloadhelper/Denim_Shorts_Outfit_✨_Nude_Shiny_Tights_&_Sneakers_dlmkz5_e7bbes.mkv
1529061016	/Volumes/HDD - One Touch/WEBDL/_4KDownloader/hub/30/Crazy Nessebar Bikini waterpark - part 5 [zz0LBNC3-8I].temp.webm
1528147989	/Volumes/HDD - One Touch/WEBDL/CAM-GIRLS/Chatroulette/Chatroulette Webcam girls feet 5.mp4
1523175953	/Volumes/HDD - One Touch/WEBDL/_4KDownloader/Feet girls/312. Feet on Dash Ignore.mkv
1520914105	/Volumes/HDD - One Touch/WEBDL/_4KDownloader/hub/30/Crazy Nessebar Bikini waterpark - part 5 [zz0LBNC3-8I].f315.webm
1509626184	/Volumes/HDD - One Touch/WEBDL/_4KDownloader/hub/30/Sunny Beach Bikini Walk [ZAM-iBKMPog].webm
1502531741	/Volumes/HDD - One Touch/WEBDL/youtube/Chelle's Feet/Elevated Perch_ Topping a Barstool in thong sandals/Massager, Shopping Haul, Pantyhose Try On Shoeplay Dangle, Nylons Stockings Feet Soles Toes Legs [H5u3N5zO9y0].mp4
1497562136	/Volumes/HDD - One Touch/WEBDL/_4KDownloader/Feet girls/442. ASMR in the Pose   Tapping, sk-sk, tk-tk, Lotion and Mouth Sounds   No Talking.mkv
1474135343	/Volumes/HDD - One Touch/WEBDL/_4KDownloader/hub/1104/POV： CRAZIEST Waterslide at ACTION Aquapark in Sunny Beach ｜ Waterpark in Bulgaria, Europe [32uoi6m8x1Q].webm
1470481208	/Volumes/HDD - One Touch/WEBDL/_Keep2Share/Keep2Share - Best 2019 sexy milf legs teen toes amar voyeur candid feet 25.mp4/more_porn_freepornk2s.com_Goddess valeria  three sweaty pairs of shoes for naked slut 4k.mp4
1465649728	/Volumes/HDD - One Touch/WEBDL/_Keep2Share/Forumophilia - PORN FORUM ; Lovely women's legs in Foot fetish video - Page 366/footfetish_sockjob_from_my_18yo_girlfriend.mp4
1443627056	/Volumes/HDD - One Touch/WEBDL/tiktok/@linadreamsss/lina♥️ (@linadreamsss) is LIVE - TikTok LIVE/recording_tiktok_@linadreamsss_lina♥️ (@linadreamsss) is LIVE - TikTok LIVE_2026-04-17T16-39-29-419Z_raw.mp4
1438006658	/Volumes/HDD - One Touch/WEBDL/_4KDownloader/hub/1127/POV： CRAZIEST Waterslides at Dubai Aquaventure Waterpark [AdlMcamELcM].webm
1436331983	/Volumes/HDD - One Touch/WEBDL/imports/videodownloadhelper/幻想公园系列合集_ju3m1p_onbt1j.mkv
1436287024	/Volumes/HDD - One Touch/WEBDL/tiktok/@maki_live3/Maki🤎 (@maki_live3) is LIVE - TikTok LIVE/recording_tiktok_@maki_live3_Maki🤎 (@maki_live3) is LIVE - TikTok LIVE_2026-04-10T21-55-15-979Z_raw.mp4
1416346504	/Volumes/HDD - One Touch/WEBDL/youtube/Splish Splash Adventures/Unseen Secrets_ Exploring Europe's INSANE Water Park. Aquaparadise in Bulgaria. All Waterslides/Unseen Secrets： Exploring Europe's INSANE Water Park. Aquaparadise in Bulgaria. All Waterslides [7SIfrjYmUaM].mp4
1408504662	/Volumes/HDD - One Touch/WEBDL/youtube/Rida Poner/teen boot soles foot joi/Friday Lunch LIVE： Dreamhack Atlanta 🍑.mp4
1402124172	/Volumes/HDD - One Touch/WEBDL/youtube/The Athlete Medic/Skiing Northstar with the Boys - Gbacks' 40th Bday/Skiing Northstar with the Boys - Gbacks' 40th Bday.mp4
1399761361	/Volumes/HDD - One Touch/WEBDL/_Keep2Share/Keep2Share - Best 2019 sexy milf legs teen toes amar voyeur candid feet 25.mp4/oadUERAMPEG-4.mp4
1395037776	/Volumes/HDD - One Touch/WEBDL/_4KDownloader/hub/3463/Waterslides at Aquaworld Resort Budapest in Hungary [8s4TnuxyZg0].webm
1393822264	/Volumes/HDD - One Touch/WEBDL/CAM-GIRLS/Chatroulette/Chatroulette Webcam girls feet 8.mp4
1379322081	/Volumes/HDD - One Touch/WEBDL/_4KDownloader/Feet girls/193. asian girl feet [21] 4K.mkv
1369530270	/Volumes/HDD - One Touch/WEBDL/twitter/unknown/gallery-dl/twitter/elonmusk/2044977273905021370_1.mp4
1369267166	/Volumes/HDD - One Touch/WEBDL/youtube/Chelle's Feet/Cozy desk feet_ Sandals, burgundy pedi, subtle toe wiggles/#1 My all Sandals and Flipflops collecton 2022 #SOFIAARMAZZI [B6aRYYMCrGE].mp4
1368937378	/Volumes/HDD - One Touch/WEBDL/_4KDownloader/hub/1358/POV： CRAZIEST Waterslide at ACTION Aquapark in Sunny Beach ｜ Waterpark in Bulgaria, Europe [ZRZrSanhDmI].f315.webm
1363785345	/Volumes/HDD - One Touch/WEBDL/youtube/Splish Splash Adventures/Unseen Secrets_ Exploring Europe's INSANE Water Park. Aquaparadise in Bulgaria. All Waterslides/Unseen Secrets： Exploring Europe's INSANE Water Park. Aquaparadise in Bulgaria. All Waterslides [7SIfrjYmUaM].temp.mp4
1360003511	/Volumes/HDD - One Touch/WEBDL/_4KDownloader/hub/1113/POV： CRAZIEST Waterslide at ACTION Aquapark in Sunny Beach ｜ Waterpark in Bulgaria, Europe [sXn_VyapA-w].webm
1358048238	/Volumes/HDD - One Touch/WEBDL/_4KDownloader/hub/1423/POV： CRAZIEST Waterslide at ACTION Aquapark in Sunny Beach ｜ Waterpark in Bulgaria, Europe [bYLmvdHIA2A].webm
1354632591	/Volumes/HDD - One Touch/WEBDL/_Keep2Share/Keep2Share - Best 2019 sexy milf legs teen toes amar voyeur candid feet 25.mp4/9_SADISTIC GIRLS PAIN BRUATLITY - Shiva and Stormi - Into The Mud.mp4
1351899196	/Volumes/HDD - One Touch/WEBDL/_4KDownloader/hub/1074/POV： CRAZIEST Waterslide at ACTION Aquapark in Sunny Beach ｜ Waterpark in Bulgaria, Europe [9GNvkCxl1fo].webm
1351801385	/Volumes/HDD - One Touch/WEBDL/youtube/Ami/OMG! This Chain Is NOT What You Think 😱⛓️/OMG! This Chain Is NOT What You Think 😱⛓️.mp4
1350721025	/Volumes/HDD - One Touch/WEBDL/_4KDownloader/hub/1401/POV： CRAZIEST Waterslide at ACTION Aquapark in Sunny Beach ｜ Waterpark in Bulgaria, Europe [sBlwXoKLkm4].webm
1349919181	/Volumes/HDD - One Touch/WEBDL/_4KDownloader/hub/1278/POV： CRAZIEST Waterslide at ACTION Aquapark in Sunny Beach ｜ Waterpark in Bulgaria, Europe [GyqvCmRvjq4].webm
1348107298	/Volumes/HDD - One Touch/WEBDL/_4KDownloader/Feet girls/17. Charm Asian Feet.mkv
1343929043	/Volumes/HDD - One Touch/WEBDL/_4KDownloader/hub/1134/DARE TO SPLASH？! FUN Waterslide Adventure at Europe’s LARGEST Water Park Aquaparadise in Nessebar [gJ8FyUN7f-w].webm
1340299248	/Volumes/HDD - One Touch/WEBDL/_4KDownloader/hub/1330/POV： CRAZIEST Waterslide at ACTION Aquapark in Sunny Beach ｜ Waterpark in Bulgaria, Europe [qN5StJsJgxQ].webm
1333169421	/Volumes/HDD - One Touch/WEBDL/youtube/Eindhoven Diving Cup/Boys & Girls AB 3m Synchro - Eindhoven Diving Cup 2026/Boys & Girls AB 3m Synchro - Eindhoven Diving Cup 2026.mp4
1332324698	/Volumes/HDD - One Touch/WEBDL/youtube/MONKEY D FARM/Monkey Cartoon Funny_ What Sweet Magic Awaits Deep Inside the Enchanted Forest_/Monkey Cartoon Funny： What Sweet Magic Awaits Deep Inside the Enchanted Forest？.mp4
1330410108	/Volumes/HDD - One Touch/WEBDL/_4KDownloader/Medical ASMR Archive/54. 435 - Unintentional ASMR - Assessment   Exam   Head to Toe.mkv
1326900465	/Volumes/HDD - One Touch/WEBDL/tiktok/@indradecremerbackup/💖✵𝓘𝓷𝓭𝓇𝓪✵🍩✨ (@indradecremerbackup) is LIVE - TikTok LIVE/recording_tiktok_@indradecremerbackup_💖✵𝓘𝓷𝓭𝓇𝓪✵🍩✨ (@indradecremerbackup) is LIVE - TikTok LIVE_2026-04-30T21-42-27-909Z_raw.mp4
1326702666	/Volumes/HDD - One Touch/WEBDL/_4KDownloader/hub/1367/POV： CRAZIEST Waterslide at ACTION Aquapark in Sunny Beach ｜ Waterpark in Bulgaria, Europe [OXneVvk5dqI].webm
1319906999	/Volumes/HDD - One Touch/WEBDL/youtube/Chelle's Feet/Elevated Perch_ Topping a Barstool in thong sandals/#1 My all Sandals and Flipflops collecton 2022 #SOFIAARMAZZI [B6aRYYMCrGE].mp4
1319906999	/Volumes/HDD - One Touch/WEBDL/youtube/Iwona Blecharczyk/#pisa #tower/#1 My all Sandals and Flipflops collecton 2022 #SOFIAARMAZZI [B6aRYYMCrGE].mp4
1317972377	/Volumes/HDD - One Touch/WEBDL/imports/videodownloadhelper/26._Chelle's_post-work_ritual_Barefoot_transition_from_confining_work_shoes_to_c_1i1jbaa.mkv
1316699753	/Volumes/HDD - One Touch/WEBDL/_Keep2Share/Forumophilia - PORN FORUM ; Lovely women's legs in Foot fetish video - Page 364/footfetish_sara_saint_-_evil_stepsisters_foot_bitch.mp4
1310578072	/Volumes/HDD - One Touch/WEBDL/_4KDownloader/hub/1272/POV： CRAZIEST Waterslide at ACTION Aquapark in Sunny Beach ｜ Waterpark in Bulgaria, Europe [LO4YqPYSQT0].webm
1308945799	/Volumes/HDD - One Touch/WEBDL/_4KDownloader/hub/1395/POV： CRAZIEST Waterslide at ACTION Aquapark in Sunny Beach ｜ Waterpark in Bulgaria, Europe [JB2FDI_xwAE].webm
1298371119	/Volumes/HDD - One Touch/WEBDL/_4KDownloader/Feet girls/511. From Boardroom to Bedroom The Ritual of Unlacing and Unwinding.mkv
1294453451	/Volumes/HDD - One Touch/WEBDL/youtube/Pretty Feet Toes And Soles/foot reflexology and stretching @Bellasyourgod/Boys & Girls AB 3m Synchro - Eindhoven Diving Cup 2026.f721.mp4
1277737229	/Volumes/HDD - One Touch/WEBDL/_4KDownloader/Feet girls/10. imz 25.mkv
1276642274	/Volumes/HDD - One Touch/WEBDL/_Keep2Share/Keep2Share - Home/download6mlBjBn.mp4
1276642258	/Volumes/HDD - One Touch/WEBDL/_Keep2Share/Keep2Share - Home/Shoejob With Flat Sandals And French Nails Shoejobparadise.mp4
1276128722	/Volumes/HDD - One Touch/WEBDL/_4KDownloader/hub/1273/POV： CRAZIEST Waterslide at ACTION Aquapark in Sunny Beach ｜ Waterpark in Bulgaria, Europe [kzY7I8fJkss].webm
1273296008	/Volumes/HDD - One Touch/WEBDL/_4KDownloader/hub/1424/POV： CRAZIEST Waterslide at ACTION Aquapark in Sunny Beach ｜ Waterpark in Bulgaria, Europe [10TCRqH5INE].webm
1267351053	/Volumes/HDD - One Touch/WEBDL/_4KDownloader/Feet girls/170. Asian feet white toes.mkv
1253389289	/Volumes/HDD - One Touch/WEBDL/_Keep2Share/Keep2Share - Best 2019 sexy milf legs teen toes amar voyeur candid feet 25.mp4/Licking Girls Feet - Nicole And Mary You Will Lick Our Feet Until They Stop Stinking Hd.mp4
1248406794	/Volumes/HDD - One Touch/WEBDL/_4KDownloader/Medical ASMR Archive/18. 471 - Unintentional ASMR - Assessment   Exam   Head to Toe.mkv
1239177301	/Volumes/HDD - One Touch/WEBDL/_4KDownloader/hub/1368/POV： CRAZIEST Waterslide at ACTION Aquapark in Sunny Beach ｜ Waterpark in Bulgaria, Europe [GcvX-dEO4ug].webm
1230279158	/Volumes/HDD - One Touch/WEBDL/CAM-GIRLS/Chatroulette/Chatroulette Webcam girls feet 4.mp4
1228144688	/Volumes/HDD - One Touch/WEBDL/tiktok/@mia_bsc.030/mia (@mia_bsc.030) is LIVE - TikTok LIVE/recording_tiktok_@mia_bsc.030_mia (@mia_bsc.030) is LIVE - TikTok LIVE_2026-05-01T02-59-44-239Z_raw.mp4
1227943939	/Volumes/HDD - One Touch/WEBDL/_4KDownloader/Medical ASMR Archive/174. 315 - Unintentional ASMR - Assessment   Exam   Head to Toe.mkv
1222196189	/Volumes/HDD - One Touch/WEBDL/_4KDownloader/hub/1138/DARE TO SPLASH？! FUN Waterslide Adventure at Europe’s LARGEST Water Park Aquaparadise in Nessebar [gxkKafSOGls].webm
1216880745	/Volumes/HDD - One Touch/WEBDL/tiktok/@_floriane_jd/_floriane_jd (@_floriane_jd) is LIVE - TikTok LIVE/recording_tiktok_@_floriane_jd_floriane_jd (@_floriane_jd) is LIVE - TikTok LIVE_2026-04-30T22-16-12-225Z_raw.mp4
1213496354	/Volumes/HDD - One Touch/WEBDL/_4KDownloader/hub/1326/POV： CRAZIEST Waterslide at ACTION Aquapark in Sunny Beach ｜ Waterpark in Bulgaria, Europe [8QaY127INUU].webm
1209797511	/Volumes/HDD - One Touch/WEBDL/_4KDownloader/hub/1109/POV： CRAZIEST Waterslide at ACTION Aquapark in Sunny Beach ｜ Waterpark in Bulgaria, Europe [7ngxle9vev8].webm
1204503365	/Volumes/HDD - One Touch/WEBDL/youtube/3×8 Women's Diving&ArtisticSwimming TV/Women's Diving _ 3x8TV's Italiano Open Torino 3m Highlights _ #diving #tuffi/Women's Diving ｜ Young and beautiful Italian divers ｜ 3x8 TV's Selection  #diving [er7zgfE2i2Y].mp4
1204233672	/Volumes/HDD - One Touch/WEBDL/youtube/Splish Splash Adventures/Unseen Secrets_ Exploring Europe's INSANE Water Park. Aquaparadise in Bulgaria. All Waterslides/Unseen Secrets： Exploring Europe's INSANE Water Park. Aquaparadise in Bulgaria. All Waterslides [M45V_q0uLHk].mp4
1202347128	/Volumes/HDD - One Touch/WEBDL/_4KDownloader/hub/1222/POV： CRAZIEST Waterslide at ACTION Aquapark in Sunny Beach ｜ Waterpark in Bulgaria, Europe [i1R8oi4zNbU].webm
1198166561	/Volumes/HDD - One Touch/WEBDL/_4KDownloader/hub/1171/DARE TO SPLASH？! EPIC Waterslide Adventure at Europe’s ACTION Water Park in Sunny Beach [_kJ1-jjPn98].webm
1192067794	/Volumes/HDD - One Touch/WEBDL/_4KDownloader/hub/1224/POV： CRAZIEST Waterslide at ACTION Aquapark in Sunny Beach ｜ Waterpark in Bulgaria, Europe [QV-y3INWeEI].webm
1191536202	/Volumes/HDD - One Touch/WEBDL/_Keep2Share/Forumophilia - PORN FORUM ; Lovely women's legs in Foot fetish video - Page 366/footfetish_hope_howell_hardcore.mp4
1191194319	/Volumes/HDD - One Touch/WEBDL/_Keep2Share/WorshipAriana - All This Suffering Just To Cum For Feet - Foot Worship Humiliation » Mixfemdomcc - Latest Femdom Porn for Online Streaming/11__DEuIQGd.mp4
1190632194	/Volumes/HDD - One Touch/WEBDL/_4KDownloader/hub/1418/POV： CRAZIEST Waterslide at ACTION Aquapark in Sunny Beach ｜ Waterpark in Bulgaria, Europe [TKVQdf9N_Hs].webm
1187001182	/Volumes/HDD - One Touch/WEBDL/_4KDownloader/hub/1221/POV： CRAZIEST Waterslide at ACTION Aquapark in Sunny Beach ｜ Waterpark in Bulgaria, Europe [JhzPVeG5N3I].webm
1181220912	/Volumes/HDD - One Touch/WEBDL/youtube/Dr. Brenda Mondragon DC/Getting My Crunchies Out with Oil & Foam/recording_youtube_Dr. Brenda Mondragon DC_Getting My Crunchies Out with Oil & Foam_2026-02-13T09-37-25-570Z_raw.mp4
1180597470	/Volumes/HDD - One Touch/WEBDL/youtube/sphinx massage/Olga asked for a rough massage but she cried/Olga asked for a rough massage but she cried.mp4
1179912092	/Volumes/HDD - One Touch/WEBDL/_4KDownloader/hub/1454/POV： CRAZIEST Waterslide at Aquapark Nessebar Waterpark ｜ Giant Slalom Waterslide [Sm_7uAxubNg].webm
1178375984	/Volumes/HDD - One Touch/WEBDL/CAM-GIRLS/videodownloadhelper/Tr4mp1e_M4n¡a_-_Tr4mpl¡ng_-_Crv5h¡n_-_B¡g_F33t_S¡ze_13_-_4K_291nt1.mp4
1175593394	/Volumes/HDD - One Touch/WEBDL/youtube/vonthedon/All the beautiful ways you can wear jeans! Style jeans with me in 3 ways!!!! 👖/All the beautiful ways you can wear jeans! Style jeans with me in 3 ways!!!! 👖.mp4
1170548879	/Volumes/HDD - One Touch/WEBDL/beauty-angels/unknown/Anal-Beauty_Polly_Yangs_1280x720/Anal-Beauty_Polly_Yangs_1280x720.mp4
1165901140	/Volumes/HDD - One Touch/WEBDL/_4KDownloader/hub/1156/DARE TO SPLASH？! FUN Waterslide Adventure at Europe’s LARGEST Water Park Aquaparadise in Nessebar [GSjUIUJyi4g].webm
1163678190	/Volumes/HDD - One Touch/WEBDL/_4KDownloader/hub/1347/POV： CRAZIEST Waterslide at ACTION Aquapark in Sunny Beach ｜ Waterpark in Bulgaria, Europe [__RIoSD78Cw].webm
1163270092	/Volumes/HDD - One Touch/WEBDL/_Keep2Share/Forumophilia - PORN FORUM ; Lovely women's legs in Foot fetish video - Page 364/footfetish_umiliati_offesi_-_italian_story_-_the_family_subjugated_by_the_ruthless_mistress.mp4
1158322063	/Volumes/HDD - One Touch/WEBDL/_4KDownloader/hub/1450/POV： CRAZIEST Waterslide at Aquapark Nessebar Waterpark ｜ Giant Slalom Waterslide [Wrqi_SLNYIQ].webm
1156784994	/Volumes/HDD - One Touch/WEBDL/_4KDownloader/hub/1218/POV： CRAZIEST Waterslide at ACTION Aquapark in Sunny Beach ｜ Waterpark in Bulgaria, Europe [-UV0fQ1csHk].webm
1155792944	/Volumes/HDD - One Touch/WEBDL/tiktok/@jessicaa100790/Jessica García Cifuentes (@jessicaa100790) is LIVE - TikTok LIVE/recording_tiktok_@jessicaa100790_Jessica García Cifuentes (@jessicaa100790) is LIVE - TikTok LIVE_2026-04-17T04-45-52-732Z_raw.mp4
1154508172	/Volumes/HDD - One Touch/WEBDL/_4KDownloader/hub/1229/POV： CRAZIEST Waterslide at ACTION Aquapark in Sunny Beach ｜ Waterpark in Bulgaria, Europe [B9SA_LS5zeI].webm
1154425172	/Volumes/HDD - One Touch/WEBDL/_4KDownloader/hub/1116/POV： CRAZIEST Waterslide at Aquapark Nessebar Waterpark ｜ Giant Slalom Waterslide [tQVL1hyiBAQ].webm
1153020189	/Volumes/HDD - One Touch/WEBDL/odysee/Flowfeet/Feet girls live/Feet girls live [987430cbb0db4ea8ab0c2c44ece7f064e78b53f5].mp4
1149996981	/Volumes/HDD - One Touch/WEBDL/_Keep2Share/Keep2Share - Anya Zenkova - Kitchen.mp4/dokQz0MPEG-4.mp4
1149020564	/Volumes/HDD - One Touch/WEBDL/_4KDownloader/Medical ASMR Archive/494. 490 - Unintentional ASMR - Assessment   Exam   Head to Toe.mkv
1146636350	/Volumes/HDD - One Touch/WEBDL/_4KDownloader/hub/1417/POV： CRAZIEST Waterslide at ACTION Aquapark in Sunny Beach ｜ Waterpark in Bulgaria, Europe [bOglcXyS9Z0].webm
1144080648	/Volumes/HDD - One Touch/WEBDL/_4KDownloader/hub/1268/POV： CRAZIEST Waterslide at ACTION Aquapark in Sunny Beach ｜ Waterpark in Bulgaria, Europe [ah-HTUluq08].webm
1143490463	/Volumes/HDD - One Touch/WEBDL/_Keep2Share/private shooting nude beaches around the world - Page 6 - Amateur Voyeur Forum/relaxing_on_beach_with_two_girls.mp4
1141514618	/Volumes/HDD - One Touch/WEBDL/_4KDownloader/hub/1295/POV： CRAZIEST Waterslide at ACTION Aquapark in Sunny Beach ｜ Waterpark in Bulgaria, Europe [dpxBZaeBAqI].webm
1140107664	/Volumes/HDD - One Touch/WEBDL/_4KDownloader/hub/1389/POV： CRAZIEST Waterslide at ACTION Aquapark in Sunny Beach ｜ Waterpark in Bulgaria, Europe [hmJWrh40emo].webm
1139361153	/Volumes/HDD - One Touch/WEBDL/_4KDownloader/hub/1149/DARE TO SPLASH？! FUN Waterslide Adventure at Europe’s LARGEST Water Park Aquaparadise in Nessebar [x0HELHEEvRE].webm
1139286637	/Volumes/HDD - One Touch/WEBDL/_4KDownloader/hub/1228/POV： CRAZIEST Waterslide at ACTION Aquapark in Sunny Beach ｜ Waterpark in Bulgaria, Europe [0t44y_WfDxQ].webm
1137876100	/Volumes/HDD - One Touch/WEBDL/_4KDownloader/Feet girls/177. Model - GAGA - THE BEST TOES WIGGLING.mkv
1137445808	/Volumes/HDD - One Touch/WEBDL/_4KDownloader/hub/1226/POV： CRAZIEST Waterslide at ACTION Aquapark in Sunny Beach ｜ Waterpark in Bulgaria, Europe [UmBG3Ptaf_Q].webm
1134656206	/Volumes/HDD - One Touch/WEBDL/_4KDownloader/hub/1320/POV： CRAZIEST Waterslide at ACTION Aquapark in Sunny Beach ｜ Waterpark in Bulgaria, Europe [kSu_EWajjAM].webm
1131682030	/Volumes/HDD - One Touch/WEBDL/_4KDownloader/hub/1223/POV： CRAZIEST Waterslide at ACTION Aquapark in Sunny Beach ｜ Waterpark in Bulgaria, Europe [aNC3eUA-YXw].webm
1131540115	/Volumes/HDD - One Touch/WEBDL/_Keep2Share/Keep2Share - Best 2019 sexy milf legs teen toes amar voyeur candid feet 25.mp4/downloadQK8ZSdBMPEG-4.mp4
1131540115	/Volumes/HDD - One Touch/WEBDL/_Keep2Share/Keep2Share - Best 2019 sexy milf legs teen toes amar voyeur candid feet 25.mp4/wnXbriMPEG-4.mp4
1119828562	/Volumes/HDD - One Touch/WEBDL/_4KDownloader/hub/3457/POV： CRAZIEST Waterslides at Dubai Aquaventure Waterpark [5ifSWWnPcEQ].webm
1102849781	/Volumes/HDD - One Touch/WEBDL/_4KDownloader/Medical ASMR Archive/134. 355 - Unintentional ASMR - Assessment   Exam   Head to Toe.mkv
1100555617	/Volumes/HDD - One Touch/WEBDL/_4KDownloader/hub/1267/POV： CRAZIEST Waterslide at ACTION Aquapark in Sunny Beach ｜ Waterpark in Bulgaria, Europe [fxgJ8B6w72M].webm
1097195160	/Volumes/HDD - One Touch/WEBDL/_Keep2Share/Keep2Share - Best 2019 sexy milf legs teen toes amar voyeur candid feet 25.mp4/downloadRBUMPEG-4.mp4
1091774228	/Volumes/HDD - One Touch/WEBDL/_4KDownloader/hub/1346/POV： CRAZIEST Waterslide at ACTION Aquapark in Sunny Beach ｜ Waterpark in Bulgaria, Europe [aoFpnxM-BHU].webm
1089815004	/Volumes/HDD - One Touch/WEBDL/_4KDownloader/hub/1429/POV： CRAZIEST Waterslide at ACTION Aquapark in Sunny Beach ｜ Waterpark in Bulgaria, Europe [01aC6lk5pyA].webm
1082794249	/Volumes/HDD - One Touch/WEBDL/_4KDownloader/Feet girls/455. HOT TEENS SHOW FEET AND SOLES ON TIKTOK!!.mkv
1071420216	/Volumes/HDD - One Touch/WEBDL/_4KDownloader/hub/1488/POV： CRAZIEST Waterslide at Aquapark Nessebar Waterpark ｜ King Cobra Waterslide [LNaST_hbT-M].webm
1069005318	/Volumes/HDD - One Touch/WEBDL/_4KDownloader/hub/1439/POV： CRAZIEST Waterslide at ACTION Aquapark in Sunny Beach ｜ Waterpark in Bulgaria, Europe [xYeDDhzPqV4].webm
1067294961	/Volumes/HDD - One Touch/WEBDL/_Keep2Share/Keep2Share - Best 2019 sexy milf legs teen toes amar voyeur candid feet 25.mp4/doOqyNMqMMPEG-4.mp4
1067049701	/Volumes/HDD - One Touch/WEBDL/_4KDownloader/Medical ASMR Archive/212. 277 - Unintentional ASMR - Assessment   Exam   Head to Toe.mkv
1066388290	/Volumes/HDD - One Touch/WEBDL/youtube/Splish Splash Adventures Clips/POV_ CRAZIEST Waterslides at Dubai Aquaventure Waterpark/POV： CRAZIEST Waterslides at Dubai Aquaventure Waterpark [nha9zv1XqmE].mp4
1064684019	/Volumes/HDD - One Touch/WEBDL/_4KDownloader/hub/1373/POV： CRAZIEST Waterslide at ACTION Aquapark in Sunny Beach ｜ Waterpark in Bulgaria, Europe [iNYJlvR-7WY].webm
1057465582	/Volumes/HDD - One Touch/WEBDL/_4KDownloader/hub/1319/POV： CRAZIEST Waterslide at ACTION Aquapark in Sunny Beach ｜ Waterpark in Bulgaria, Europe [ZgycY7tHTzw].webm
1056903535	/Volumes/HDD - One Touch/WEBDL/_4KDownloader/hub/1294/POV： CRAZIEST Waterslide at ACTION Aquapark in Sunny Beach ｜ Waterpark in Bulgaria, Europe [7yu6HaMza1Q].f315.webm.part
1056675492	/Volumes/HDD - One Touch/WEBDL/_Keep2Share/Webcam girls show off their alluring dignity - Page 10 - Amateur Voyeur Forum/WebCamVideos004122.mp4
1050119509	/Volumes/HDD - One Touch/WEBDL/_4KDownloader/hub/1304/POV： CRAZIEST Waterslide at ACTION Aquapark in Sunny Beach ｜ Waterpark in Bulgaria, Europe [tGzgpDA6KKI].webm
1048964283	/Volumes/HDD - One Touch/WEBDL/youtube/Unseen Secrets_ Exploring Europe_s INSANE Water Park. Aquaparadise in Bulgaria. All Waterslides.mp4
1044596415	/Volumes/HDD - One Touch/WEBDL/_4KDownloader/hub/1313/POV： CRAZIEST Waterslide at ACTION Aquapark in Sunny Beach ｜ Waterpark in Bulgaria, Europe [6iWcUMxZ3XM].webm
1040949600	/Volumes/HDD - One Touch/WEBDL/imports/videodownloadhelper/Candid_feet_shaking_in_train_station_ctszth.mkv
1037685121	/Volumes/HDD - One Touch/WEBDL/_4KDownloader/hub/1447/POV： CRAZIEST Waterslide at Aquapark Nessebar Waterpark ｜ Giant Slalom Waterslide [9hSYaZ4-u2g].webm
1036517424	/Volumes/HDD - One Touch/WEBDL/tiktok/@khorratin/khrot (@khorratin) is LIVE - TikTok LIVE/recording_tiktok_@khorratin_khrot (@khorratin) is LIVE - TikTok LIVE_2026-04-11T01-05-11-487Z_raw.mp4
1036336401	/Volumes/HDD - One Touch/WEBDL/_4KDownloader/hub/1253/POV： CRAZIEST Waterslide at ACTION Aquapark in Sunny Beach ｜ Waterpark in Bulgaria, Europe [uqi2tWXan6s].webm
1035751845	/Volumes/HDD - One Touch/WEBDL/_4KDownloader/hub/1340/POV： CRAZIEST Waterslide at ACTION Aquapark in Sunny Beach ｜ Waterpark in Bulgaria, Europe [mQT0yDOPJLI].webm
1033371092	/Volumes/HDD - One Touch/WEBDL/_4KDownloader/hub/1077/POV： CRAZIEST Waterslide at Aquapark Nessebar Waterpark ｜ Tsunami Waterslide Tsunami [Ee4esz_GucA].webm
1033155532	/Volumes/HDD - One Touch/WEBDL/_4KDownloader/hub/1352/POV： CRAZIEST Waterslide at ACTION Aquapark in Sunny Beach ｜ Waterpark in Bulgaria, Europe [6JnUqQKhyPk].webm
1032525081	/Volumes/HDD - One Touch/WEBDL/_4KDownloader/hub/1461/POV： CRAZIEST Waterslide at Aquapark Nessebar Waterpark ｜ Tsunami Waterslide Tsunami [rvQ-j8DWWwM].webm
1030561559	/Volumes/HDD - One Touch/WEBDL/youtube/Bogata/This is more exciting than bull riding- it’s Oktoberfest lady’s/This is more exciting than bull riding- it’s Oktoberfest lady’s.mp4
1029007536	/Volumes/HDD - One Touch/WEBDL/_Keep2Share/Keep2Share - Best 2019 sexy milf legs teen toes amar voyeur candid feet 25.mp4/downloadfb2qQPQMPEG-4.mp4
1025467660	/Volumes/HDD - One Touch/WEBDL/_4KDownloader/hub/1084/POV： CRAZIEST Waterslide at ACTION Aquapark in Sunny Beach ｜ Waterpark in Bulgaria, Europe [hzxL3cjuiyI].webm
1024411705	/Volumes/HDD - One Touch/WEBDL/youtube/Simply Pinay/Good evening dumaguete/Good evening dumaguete.mp4
1023051522	/Volumes/HDD - One Touch/WEBDL/_4KDownloader/hub/1288/POV： CRAZIEST Waterslide at ACTION Aquapark in Sunny Beach ｜ Waterpark in Bulgaria, Europe [dLbq_-OUgq0].webm
1021756030	/Volumes/HDD - One Touch/WEBDL/youtube/Mighty Car Mods/4DMILF - SexSpec Turbo Conversion/4DMILF - SexSpec Turbo Conversion.mp4
1020114992	/Volumes/HDD - One Touch/WEBDL/youtube/OnlyFeet/Best Tiktok Feet Girl/Best Tiktok Feet Girl [P94lD9PXunQ].mp4
1018330580	/Volumes/HDD - One Touch/WEBDL/_4KDownloader/hub/1300/POV： CRAZIEST Waterslide at ACTION Aquapark in Sunny Beach ｜ Waterpark in Bulgaria, Europe [IIkVOPHUv28].webm
1016557165	/Volumes/HDD - One Touch/WEBDL/_Keep2Share/All4 Goddess Victoria - In These Crocs Part 2 » Mixfemdomcc - Latest Femdom Porn for Online Streaming/11__k6E.mp4
1016464774	/Volumes/HDD - One Touch/WEBDL/_Keep2Share/Forumophilia - PORN FORUM ; Lovely women's legs in Foot fetish video - Page 366/footfetish_meet_penny_pax.mp4
1015363203	/Volumes/HDD - One Touch/WEBDL/_4KDownloader/Splish Splash Adventures Clips/143. POV CRAZIEST Waterslides at Dubai Aquaventure Waterpark.mkv
1013588380	/Volumes/HDD - One Touch/WEBDL/imports/videodownloadhelper/50._Pose🌿_Peaceful_Vibes_Only_148pvjl.mkv
1012802746	/Volumes/HDD - One Touch/WEBDL/_4KDownloader/hub/1325/POV： CRAZIEST Waterslide at ACTION Aquapark in Sunny Beach ｜ Waterpark in Bulgaria, Europe [u2KtbcA6bKk].webm
1003600915	/Volumes/HDD - One Touch/WEBDL/_4KDownloader/hub/1426/POV： CRAZIEST Waterslide at ACTION Aquapark in Sunny Beach ｜ Waterpark in Bulgaria, Europe [vKuMNwRC6eg].webm
1000908196	/Volumes/HDD - One Touch/WEBDL/_Keep2Share/Sexy Nudists on the Beach, Hidden Cam - Page 3 - Amateur Voyeur Forum/beachnudescvxhc063.mp4
999748510	/Volumes/HDD - One Touch/WEBDL/_4KDownloader/hub/1446/POV： CRAZIEST Waterslide at Aquapark Nessebar Waterpark ｜ Giant Slalom Waterslide [c3IMZ7Xz70E].webm
998694439	/Volumes/HDD - One Touch/WEBDL/_Keep2Share/Keep2Share - Intimate Moments with ATKGirlfriends_ A Captivating Adult Compilation/SOAP  043  Nadine  Karen Collins vs Angel Lynn Parton  compilation.mp4
989280374	/Volumes/HDD - One Touch/WEBDL/MEGA/TFF/Macy Cartel's Golfer Girl Footjob - The Foot Fantasy!!!_Footjob-HD.net.mp4
983841527	/Volumes/HDD - One Touch/WEBDL/youtube/Dream Festival/German Beauties vs. the Teufelsrad Challenge! Devil's wheel/German Beauties vs. the Teufelsrad Challenge! Devil's wheel.mp4
983073259	/Volumes/HDD - One Touch/WEBDL/imports/videodownloadhelper/65._🌿_Nature_Soles_Relaxing_Feet_in_a_Beautiful_Outdoors_View_🍃_1vi93wj.mkv
980139832	/Volumes/HDD - One Touch/WEBDL/youtube/henkjan s/Gijs Groningen U17 vs Zoetermeer Panters U17 07-02-2026 1_3/Gijs Groningen U17 vs Zoetermeer Panters U17 07-02-2026 1⧸3.mp4
979254465	/Volumes/HDD - One Touch/WEBDL/_4KDownloader/hub/1142/DARE TO SPLASH？! FUN Waterslide Adventure at Europe’s LARGEST Water Park Aquaparadise in Nessebar [C_c6XoIGKzo].webm
977744632	/Volumes/HDD - One Touch/WEBDL/_4KDownloader/hub/1420/POV： CRAZIEST Waterslide at ACTION Aquapark in Sunny Beach ｜ Waterpark in Bulgaria, Europe [7iPU6rUBTcI].webm
976555684	/Volumes/HDD - One Touch/WEBDL/youtube/Chelle's Feet/Elevated Perch_ Topping a Barstool in thong sandals/Solo Car Camping Natural forest hidden waterfall don't rain day ⧸ Relaxing camping vibe [XsPd84MSQHk].f401.mp4.part
974237104	/Volumes/HDD - One Touch/WEBDL/_4KDownloader/hub/1460/POV： CRAZIEST Waterslide at Aquapark Nessebar Waterpark ｜ Tsunami Waterslide Tsunami [vRl0Ru1fGak].webm
968385511	/Volumes/HDD - One Touch/WEBDL/_4KDownloader/hub/1170/DARE TO SPLASH？! EPIC Waterslide Adventure at Europe’s ACTION Water Park in Sunny Beach [qp8bT-vwyUY].webm
967912223	/Volumes/HDD - One Touch/WEBDL/_4KDownloader/hub/1152/DARE TO SPLASH？! FUN Waterslide Adventure at Europe’s LARGEST Water Park Aquaparadise in Nessebar [HoJzuUGrxd4].webm
966912501	/Volumes/HDD - One Touch/WEBDL/_4KDownloader/hub/1353/POV： CRAZIEST Waterslide at ACTION Aquapark in Sunny Beach ｜ Waterpark in Bulgaria, Europe [HDDv__OdlcI].webm
964729299	/Volumes/HDD - One Touch/WEBDL/MEGA/TFF/CLEO'S CHRISTMAS PANTYHOSE FOOTJOB - The Foot Fantasy!!!.mp4
963515922	/Volumes/HDD - One Touch/WEBDL/odysee/unknown/Toes feet soles _ Candid feet likee Girls soles Omegle feet foot girls/Toes feet soles ｜ Candid feet likee Girls soles Omegle feet foot girls [55c8172ae1effc090d82ed275c9291369e0355dd].mp4
963060645	/Volumes/HDD - One Touch/WEBDL/_Keep2Share/Keep2Share - Best 2019 sexy milf legs teen toes amar voyeur candid feet 25.mp4/more_porn_freepornk2s.com_Goddess valeria  lick my armpit better 4k.mp4
962377241	/Volumes/HDD - One Touch/WEBDL/imports/videodownloadhelper/133._Sandalias_1hxkpvz.mkv
956395661	/Volumes/HDD - One Touch/WEBDL/_4KDownloader/hub/1396/POV： CRAZIEST Waterslide at ACTION Aquapark in Sunny Beach ｜ Waterpark in Bulgaria, Europe [7F8VlMnDIGw].webm
954329076	/Volumes/HDD - One Touch/WEBDL/imports/videodownloadhelper/34._she_got_hurt.._couples_yoga_challenge_FAIL_b7bgen.mkv
950881013	/Volumes/HDD - One Touch/WEBDL/_4KDownloader/hub/1275/POV： CRAZIEST Waterslide at ACTION Aquapark in Sunny Beach ｜ Waterpark in Bulgaria, Europe [X20fO01pPhA].webm
950376232	/Volumes/HDD - One Touch/WEBDL/_Keep2Share/Webcam girls show off their alluring dignity - Page 10 - Amateur Voyeur Forum/WebCamVideos004611.mp4
949473030	/Volumes/HDD - One Touch/WEBDL/imports/videodownloadhelper/53._LIVE_Close-Up_Relaxation_&_Different_Poses_🌿_1gdjf1x.mkv
947151788	/Volumes/HDD - One Touch/WEBDL/_4KDownloader/hub/1349/POV： CRAZIEST Waterslide at ACTION Aquapark in Sunny Beach ｜ Waterpark in Bulgaria, Europe [yyCUa4DwCWA].webm
944156844	/Volumes/HDD - One Touch/WEBDL/youtube/Is This Europe_s CRAZIEST Water Park? Aquapark Nessebar, Bulgaria | All Waterslides (Complete POV).mp4
944156844	/Volumes/HDD - One Touch/WEBDL/clips/splishsplashadventures/Is This Europe_s CRAZIEST Water Park_ Aquapark Nessebar_ Bulgaria _ All Waterslides (Complete POV).mp4
944156844	/Volumes/HDD - One Touch/WEBDL/clips/splishsplashadventuresclips/Is This Europe_s CRAZIEST Water Park_ Aquapark Nessebar_ Bulgaria _ All Waterslides (Complete POV).mp4
944156844	/Volumes/HDD - One Touch/WEBDL/clips/splishsplashadventures/Is This Europe_s CRAZIEST Water Park_ Aquapark Nessebar_ Bulgaria _ All Waterslides (Complete POV)_1.mp4
944156844	/Volumes/HDD - One Touch/WEBDL/clips/splishsplashadventures/Is This Europe_s CRAZIEST Water Park_ Aquapark Nessebar_ Bulgaria _ All Waterslides (Complete POV)_2.mp4
943931392	/Volumes/HDD - One Touch/WEBDL/beauty-angels/unknown/Hottie rides dildo on table - Beauty-Angels/Beauty-Angels_Kecy_Hill_3840x2160.mp4.part
943333397	/Volumes/HDD - One Touch/WEBDL/_4KDownloader/hub/1302/POV： CRAZIEST Waterslide at ACTION Aquapark in Sunny Beach ｜ Waterpark in Bulgaria, Europe [6Bl5pVO_-fY].webm
935354819	/Volumes/HDD - One Touch/WEBDL/_4KDownloader/hub/1220/POV： CRAZIEST Waterslide at ACTION Aquapark in Sunny Beach ｜ Waterpark in Bulgaria, Europe [zzWrvhlodP8].webm
932413895	/Volumes/HDD - One Touch/WEBDL/_4KDownloader/Medical ASMR Archive/34. 455 - Unintentional ASMR - Assessment   Exam   Head to Toe.mkv
930861261	/Volumes/HDD - One Touch/WEBDL/_4KDownloader/hub/1269/POV： CRAZIEST Waterslide at ACTION Aquapark in Sunny Beach ｜ Waterpark in Bulgaria, Europe [sOOn00yyllU].webm
930632317	/Volumes/HDD - One Touch/WEBDL/youtube/Pretty Feet Toes And Soles/foot reflexology and stretching @Bellasyourgod/наша жизнь в детском саду....mp4
929185197	/Volumes/HDD - One Touch/WEBDL/_4KDownloader/hub/1391/POV： CRAZIEST Waterslide at ACTION Aquapark in Sunny Beach ｜ Waterpark in Bulgaria, Europe [Hih7vVHNJBo].webm
927473044	/Volumes/HDD - One Touch/WEBDL/_4KDownloader/Medical ASMR Archive/170. 319 - Unintentional ASMR - Assessment   Exam   Head to Toe.mkv
924887975	/Volumes/HDD - One Touch/WEBDL/_4KDownloader/hub/1297/POV： CRAZIEST Waterslide at ACTION Aquapark in Sunny Beach ｜ Waterpark in Bulgaria, Europe [z7rQCRVGqaY].webm
924460103	/Volumes/HDD - One Touch/WEBDL/_4KDownloader/hub/1219/POV： CRAZIEST Waterslide at ACTION Aquapark in Sunny Beach ｜ Waterpark in Bulgaria, Europe [SO8yjRvnn6M].webm
923699371	/Volumes/HDD - One Touch/WEBDL/_4KDownloader/hub/1322/POV： CRAZIEST Waterslide at ACTION Aquapark in Sunny Beach ｜ Waterpark in Bulgaria, Europe [vTi4DWCxoq8].webm
923328498	/Volumes/HDD - One Touch/WEBDL/_4KDownloader/hub/1277/POV： CRAZIEST Waterslide at ACTION Aquapark in Sunny Beach ｜ Waterpark in Bulgaria, Europe [gkqynf4EDt4].webm
922833955	/Volumes/HDD - One Touch/WEBDL/_Keep2Share/Keep2Share - Home/pornvideotube.online_jyYazCsG.mp4
917375139	/Volumes/HDD - One Touch/WEBDL/_4KDownloader/hub/1227/POV： CRAZIEST Waterslide at ACTION Aquapark in Sunny Beach ｜ Waterpark in Bulgaria, Europe [X7J8yzzI-O4].webm
917295308	/Volumes/HDD - One Touch/WEBDL/_4KDownloader/hub/1225/POV： CRAZIEST Waterslide at ACTION Aquapark in Sunny Beach ｜ Waterpark in Bulgaria, Europe [PIPDnz6rzsU].webm
913927449	/Volumes/HDD - One Touch/WEBDL/_4KDownloader/Feet girls/513. Peng's Powerful Peds Barefoot After Dominating The Game.mkv
912625388	/Volumes/HDD - One Touch/WEBDL/footfetishforum/unknown/F2VJ5uem/F2VJ5uem [F2VJ5uem].mp4.part
910251463	/Volumes/HDD - One Touch/WEBDL/_Keep2Share/Forumophilia - PORN FORUM ; Lovely women's legs in Foot fetish video - Page 365/footfetish_oil_footjob_in_fishnet_tights.mp4
908799530	/Volumes/HDD - One Touch/WEBDL/youtube/Socks Anon/(prev) Talia tickled on the phone/Bailey Brewer is live!.mp4
904831402	/Volumes/HDD - One Touch/WEBDL/_4KDownloader/hub/1383/POV： CRAZIEST Waterslide at ACTION Aquapark in Sunny Beach ｜ Waterpark in Bulgaria, Europe [vmZ7KW9lWJk].webm
904001591	/Volumes/HDD - One Touch/WEBDL/_4KDownloader/hub/1487/POV： CRAZIEST Waterslide at Aquapark Nessebar Waterpark ｜ King Cobra Waterslide [norbkGFS5e8].webm
903610416	/Volumes/HDD - One Touch/WEBDL/tiktok/@jaylyn.px/Jaylyn.px (@jaylyn.px) is LIVE - TikTok LIVE/recording_tiktok_@jaylyn.px_Jaylyn.px (@jaylyn.px) is LIVE - TikTok LIVE_2026-04-10T20-57-44-669Z_raw.mp4
900125558	/Volumes/HDD - One Touch/WEBDL/_4KDownloader/hub/1428/POV： CRAZIEST Waterslide at ACTION Aquapark in Sunny Beach ｜ Waterpark in Bulgaria, Europe [fvC1MyBAOag].webm
895079987	/Volumes/HDD - One Touch/WEBDL/_4KDownloader/hub/1434/POV： CRAZIEST Waterslide at ACTION Aquapark in Sunny Beach ｜ Waterpark in Bulgaria, Europe [4xu6gkiOY_g].webm
887903760	/Volumes/HDD - One Touch/WEBDL/_4KDownloader/Medical ASMR Archive/147. 342 - Unintentional ASMR - Assessment   Exam   Head to Toe.mkv
882901056	/Volumes/HDD - One Touch/WEBDL/youtube/Top TikTok Live Archive/candd_ee7 2025.01.21/candd_ee7 2025.01.21.mp4
875878560	/Volumes/HDD - One Touch/WEBDL/_4KDownloader/hub/1108/POV： CRAZIEST Waterslides at Dubai Aquaventure Waterpark [YBcWZ6lPXrk].webm
874596803	/Volumes/HDD - One Touch/WEBDL/youtube/Aksenova Tights/Trying 2 Black Knee-High Nylons Under Leggings _ Which Looks Better_/Trying 2 Black Knee-High Nylons Under Leggings ｜ Which Looks Better？.mp4
874558820	/Volumes/HDD - One Touch/WEBDL/_4KDownloader/hub/1274/POV： CRAZIEST Waterslide at ACTION Aquapark in Sunny Beach ｜ Waterpark in Bulgaria, Europe [Nip6TZykBao].webm
872569212	/Volumes/HDD - One Touch/WEBDL/_4KDownloader/hub/1187/POV： CRAZIEST Waterslide at ACTION Aquapark in Sunny Beach ｜ Waterpark in Bulgaria, Europe [Y7eacaNRG7M].webm
869763228	/Volumes/HDD - One Touch/WEBDL/imports/videodownloadhelper/135._Dr_Scholls_Slides_Review,_Shoes_Dangle,_Spanish_Tempranillo_Red_Wine_Tastin_h1te8z.mkv
869294471	/Volumes/HDD - One Touch/WEBDL/youtube/Splish Splash Adventures Clips/DARE TO SPLASH_! FUN Waterslide Adventure at Europe’s LARGEST Water Park Aquaparadise in Nessebar/DARE TO SPLASH？! FUN Waterslide Adventure at Europe’s LARGEST Water Park Aquaparadise in Nessebar.mp4
868779505	/Volumes/HDD - One Touch/WEBDL/_4KDownloader/Feet girls/512. Sole Therapy Pressing My Bare Feet Into Warm Sand at Sunset.mkv
868696620	/Volumes/HDD - One Touch/WEBDL/_4KDownloader/hub/1159/DARE TO SPLASH？! FUN Waterslide Adventure at Europe’s LARGEST Water Park Aquaparadise in Nessebar [sBzhYJWnb38].webm
868324419	/Volumes/HDD - One Touch/WEBDL/youtube/ariella/dirty white socks in parking garage on a rainy day/Cleaning The Pool and Have a Swimming. #poolcleaning #longhairwash #hairdunk #swimmingwithclothes.mp4
867974430	/Volumes/HDD - One Touch/WEBDL/_4KDownloader/hub/1372/POV： CRAZIEST Waterslide at ACTION Aquapark in Sunny Beach ｜ Waterpark in Bulgaria, Europe [joPYfoa0D6Y].webm
867397432	/Volumes/HDD - One Touch/WEBDL/_4KDownloader/hub/1186/POV： CRAZIEST Waterslide at ACTION Aquapark in Sunny Beach ｜ Waterpark in Bulgaria, Europe [MBapw1dU2NU].webm
865386074	/Volumes/HDD - One Touch/WEBDL/_4KDownloader/hub/1363/POV： CRAZIEST Waterslide at ACTION Aquapark in Sunny Beach ｜ Waterpark in Bulgaria, Europe [G8luTNeIYLs].webm
863786769	/Volumes/HDD - One Touch/WEBDL/_4KDownloader/hub/1357/POV： CRAZIEST Waterslide at ACTION Aquapark in Sunny Beach ｜ Waterpark in Bulgaria, Europe [v3LzA6GtpbE].f315.webm
856344380	/Volumes/HDD - One Touch/WEBDL/_4KDownloader/hub/1357/POV： CRAZIEST Waterslide at ACTION Aquapark in Sunny Beach ｜ Waterpark in Bulgaria, Europe [v3LzA6GtpbE].temp.webm
853001766	/Volumes/HDD - One Touch/WEBDL/MEGA/TFF/1741FJ.mp4
849699163	/Volumes/HDD - One Touch/WEBDL/_4KDownloader/hub/1400/POV： CRAZIEST Waterslide at ACTION Aquapark in Sunny Beach ｜ Waterpark in Bulgaria, Europe [DI8eGSg6WWs].webm
848308282	/Volumes/HDD - One Touch/WEBDL/_4KDownloader/hub/1283/POV： CRAZIEST Waterslide at ACTION Aquapark in Sunny Beach ｜ Waterpark in Bulgaria, Europe [EO63nFQC6d4].webm
848069863	/Volumes/HDD - One Touch/WEBDL/_4KDownloader/hub/1440/POV： CRAZIEST Waterslide at Aquapark Nessebar Waterpark ｜ Giant Slalom Waterslide [hmKVzoxYq34].webm
843470455	/Volumes/HDD - One Touch/WEBDL/_4KDownloader/hub/1388/POV： CRAZIEST Waterslide at ACTION Aquapark in Sunny Beach ｜ Waterpark in Bulgaria, Europe [mIfojzGkM3s].webm
842825432	/Volumes/HDD - One Touch/WEBDL/youtube/Feet Bra/Franciely Freduzeski Pés_Solas Feet_Soles #1/Hi guy bed time [Dx6PMPYq9uc].mp4
842785088	/Volumes/HDD - One Touch/WEBDL/_4KDownloader/hub/1122/DARE TO SPLASH？! FUN Waterslide Adventure at Europe’s LARGEST Water Park Aquaparadise in Nessebar [m8IMVqc2TyU].webm
842390212	/Volumes/HDD - One Touch/WEBDL/youtube/ariella/dirty white socks in parking garage on a rainy day/Cleaning The Pool and Have a Swimming. #poolcleaning #longhairwash #hairdunk #swimmingwithclothes.f137.mp4
842174774	/Volumes/HDD - One Touch/WEBDL/_4KDownloader/hub/1309/POV： CRAZIEST Waterslide at ACTION Aquapark in Sunny Beach ｜ Waterpark in Bulgaria, Europe [Z02eKHWf1Js].webm
841408285	/Volumes/HDD - One Touch/WEBDL/youtube/VInTALIn/2169im390 2025-07-25 p1 IRL Moscow Metro Trip - дневное метро - Tecno 19 Pro/2169im390 2025-07-25 p1 IRL Moscow Metro Trip - дневное метро - Tecno 19 Pro.mp4
841284863	/Volumes/HDD - One Touch/WEBDL/_4KDownloader/hub/1419/POV： CRAZIEST Waterslide at ACTION Aquapark in Sunny Beach ｜ Waterpark in Bulgaria, Europe [xDCa-QaGVcg].webm
840479568	/Volumes/HDD - One Touch/WEBDL/footfetishforum/Candid Amazing Barefeet On Train Seat And Dangling/Amazing baresoles view, how a portrait. [154791303].mp4
840353485	/Volumes/HDD - One Touch/WEBDL/_4KDownloader/hub/1335/POV： CRAZIEST Waterslide at ACTION Aquapark in Sunny Beach ｜ Waterpark in Bulgaria, Europe [jNe1Cq0PG6c].webm
840064008	/Volumes/HDD - One Touch/WEBDL/_4KDownloader/hub/1448/POV： CRAZIEST Waterslide at Aquapark Nessebar Waterpark ｜ Giant Slalom Waterslide [UJRzCT0yPIg].webm
839937353	/Volumes/HDD - One Touch/WEBDL/_4KDownloader/hub/1239/DARE TO SPLASH？! FUN Waterslide Adventure at Europe’s LARGEST Water Park Aquaparadise in Nessebar [R65HsX_2wqs].webm
839849765	/Volumes/HDD - One Touch/WEBDL/youtube/ariella/dirty white socks in parking garage on a rainy day/Relaxing on the pool after work. #relaxingswimming #swimmingoutdoor #wetlook #wetclothes #wetjeans.mp4
838792863	/Volumes/HDD - One Touch/WEBDL/youtube/Arches Club/Barefoot in the Office Again _ Feet Hall of Fame (16)/Barefoot in the Office Again ｜ Feet Hall of Fame (16) [Zy9s0VYH5DQ].mp4
838546629	/Volumes/HDD - One Touch/WEBDL/_4KDownloader/Medical ASMR Archive/96. 393 - Unintentional ASMR - Assessment   Exam   Head to Toe.mkv
836827317	/Volumes/HDD - One Touch/WEBDL/_Keep2Share/Forumophilia - PORN FORUM ; Lovely women's legs in Foot fetish video - Page 365/footfetish_in_those_heels_she_walked_all_day.mp4
835231440	/Volumes/HDD - One Touch/WEBDL/_4KDownloader/hub/1354/POV： CRAZIEST Waterslide at ACTION Aquapark in Sunny Beach ｜ Waterpark in Bulgaria, Europe [m_vYI_7Spx0].webm
835231431	/Volumes/HDD - One Touch/WEBDL/_4KDownloader/hub/1369/POV： CRAZIEST Waterslide at ACTION Aquapark in Sunny Beach ｜ Waterpark in Bulgaria, Europe [OQ7SekHPMR8].webm
828846163	/Volumes/HDD - One Touch/WEBDL/_4KDownloader/Splish Splash Adventures Clips/140. POV CRAZIEST Waterslide at ACTION Aquapark in Sunny Beach   Waterpark in Bulgaria, Europe.mkv
828713477	/Volumes/HDD - One Touch/WEBDL/youtube/Gezen Adam/Water Slides at Aquadiver Parc in Girona, Spain/Water Slides at Aquadiver Parc in Girona, Spain [cFL8HTql22Y].mp4
827908449	/Volumes/HDD - One Touch/WEBDL/_4KDownloader/hub/1070/POV： CRAZIEST Waterslide at ACTION Aquapark in Sunny Beach ｜ Waterpark in Bulgaria, Europe [N3X_DOqoSYs].webm
826130280	/Volumes/HDD - One Touch/WEBDL/footfetishforum/Candid Amazing Barefeet On Train Seat And Dangling/High heel strappy sandals and dangling flat sandal, close-up details. [154793083].mp4.part
825785955	/Volumes/HDD - One Touch/WEBDL/_4KDownloader/hub/1366/POV： CRAZIEST Waterslide at ACTION Aquapark in Sunny Beach ｜ Waterpark in Bulgaria, Europe [0GSuR84xKxU].webm
824650678	/Volumes/HDD - One Touch/WEBDL/_4KDownloader/Medical ASMR Archive/69. 420 - Unintentional ASMR - Assessment   Exam   Head to Toe.mkv
822357198	/Volumes/HDD - One Touch/WEBDL/_4KDownloader/Feet girls/520. Sensory Overload Crushing Autumn Leaves With Bare Feet.mkv
818525738	/Volumes/HDD - One Touch/WEBDL/Videodownloadhelper/MASSIVE OliHeart Public Flashing Compilation.mkv
817886479	/Volumes/HDD - One Touch/WEBDL/youtube/Socks Anon/(prev) Talia tickled on the phone/ko-fi.com⧸feethunter.mp4
817715070	/Volumes/HDD - One Touch/WEBDL/_4KDownloader/hub/1397/POV： CRAZIEST Waterslide at ACTION Aquapark in Sunny Beach ｜ Waterpark in Bulgaria, Europe [qMXr7EjVGTg].webm
817094426	/Volumes/HDD - One Touch/WEBDL/_4KDownloader/hub/1348/POV： CRAZIEST Waterslide at ACTION Aquapark in Sunny Beach ｜ Waterpark in Bulgaria, Europe [HGSyDDZze4I].webm
816977568	/Volumes/HDD - One Touch/WEBDL/CAM-GIRLS/Chatroulette/Chatroulette girls feet 27.mp4
812911485	/Volumes/HDD - One Touch/WEBDL/_4KDownloader/Feet JOI/60. @GoddessHathasolesaandfeet has feet too perfect for you not to like.mkv
812739204	/Volumes/HDD - One Touch/WEBDL/youtube/motorkreeft/Winter Efteling 2025 2026 4K/Winter Efteling 2025   2026 4K.mp4
812685003	/Volumes/HDD - One Touch/WEBDL/_4KDownloader/hub/1213/POV： CRAZIEST Waterslide at ACTION Aquapark in Sunny Beach ｜ Waterpark in Bulgaria, Europe [vJoAemQQlmk].webm
812680607	/Volumes/HDD - One Touch/WEBDL/_4KDownloader/hub/1301/POV： CRAZIEST Waterslide at ACTION Aquapark in Sunny Beach ｜ Waterpark in Bulgaria, Europe [mxv5-lluf_o].webm
810362438	/Volumes/HDD - One Touch/WEBDL/odysee/Flowfeet/Debbie beautiful feet/Debbie beautiful feet  [780f64397ecc8ec1a91462ff61dbaa0707d30c3f].mp4
808590651	/Volumes/HDD - One Touch/WEBDL/_4KDownloader/hub/1212/POV： CRAZIEST Waterslide at ACTION Aquapark in Sunny Beach ｜ Waterpark in Bulgaria, Europe [uh0HkC95Srs].webm
803816304	/Volumes/HDD - One Touch/WEBDL/_4KDownloader/hub/1204/POV： CRAZIEST Waterslide at ACTION Aquapark in Sunny Beach ｜ Waterpark in Bulgaria, Europe [L6Levb3Zw8E].webm
803426108	/Volumes/HDD - One Touch/WEBDL/_4KDownloader/hub/1183/POV： CRAZIEST Waterslide at ACTION Aquapark in Sunny Beach ｜ Waterpark in Bulgaria, Europe [NB8W_4THF2U].webm
803347985	/Volumes/HDD - One Touch/WEBDL/_4KDownloader/hub/1299/POV： CRAZIEST Waterslide at ACTION Aquapark in Sunny Beach ｜ Waterpark in Bulgaria, Europe [TQua33EZCLQ].webm
802061224	/Volumes/HDD - One Touch/WEBDL/_4KDownloader/hub/1118/DARE TO SPLASH？! EPIC Waterslide Adventure at Europe’s ACTION Water Park in Sunny Beach [TMy3KZYIk-o].webm
801946041	/Volumes/HDD - One Touch/WEBDL/_4KDownloader/hub/1393/POV： CRAZIEST Waterslide at ACTION Aquapark in Sunny Beach ｜ Waterpark in Bulgaria, Europe [Cx4ALLRWh7w].webm
801090148	/Volumes/HDD - One Touch/WEBDL/_4KDownloader/hub/1271/POV： CRAZIEST Waterslide at ACTION Aquapark in Sunny Beach ｜ Waterpark in Bulgaria, Europe [f2KvS9X9Kpg].webm
798403847	/Volumes/HDD - One Touch/WEBDL/youtube/Doktor Tebiev Zakhar/Кандидат мастера спорта на мануальный терапии (Candidate Master of Sports for Manual Therapy)/Кандидат мастера спорта на мануальный терапии (Candidate Master of Sports for Ma [Alof9lwjuy0].mp4
798265990	/Volumes/HDD - One Touch/WEBDL/youtube/Allyoucanfeet/Victoria - Barefoot in the Kitchen/Hi guy bed time [Dx6PMPYq9uc].mp4
798265990	/Volumes/HDD - One Touch/WEBDL/youtube/Kat x/HD soles scrunching and flexing/Hi guy bed time [Dx6PMPYq9uc].mp4
797600994	/Volumes/HDD - One Touch/WEBDL/CAM-GIRLS/Chatroulette/Chatroulette Webcam girls feet 19.mp4
797028963	/Volumes/HDD - One Touch/WEBDL/_4KDownloader/hub/1102/POV： CRAZIEST Waterslide at ACTION Aquapark in Sunny Beach ｜ Waterpark in Bulgaria, Europe [xqw9ACz6il4].webm
794947560	/Volumes/HDD - One Touch/WEBDL/CAM-GIRLS/Chatroulette/Chatroulette Webcam girls feet 20.mp4
793194345	/Volumes/HDD - One Touch/WEBDL/_4KDownloader/hub/1390/POV： CRAZIEST Waterslide at ACTION Aquapark in Sunny Beach ｜ Waterpark in Bulgaria, Europe [3cuH2W-b_9g].webm
792629501	/Volumes/HDD - One Touch/WEBDL/_4KDownloader/hub/1452/POV： CRAZIEST Waterslide at Aquapark Nessebar Waterpark ｜ Giant Slalom Waterslide [wcLqg33HefM].webm
791705912	/Volumes/HDD - One Touch/WEBDL/_4KDownloader/hub/1135/DARE TO SPLASH？! FUN Waterslide Adventure at Europe’s LARGEST Water Park Aquaparadise in Nessebar [Hou-mB75upY].webm
791020129	/Volumes/HDD - One Touch/WEBDL/_4KDownloader/hub/1296/POV： CRAZIEST Waterslide at ACTION Aquapark in Sunny Beach ｜ Waterpark in Bulgaria, Europe [XOrD3ZLf1is].f315.webm
790055554	/Volumes/HDD - One Touch/WEBDL/_4KDownloader/Feet girls/21. Working in Silence   A quiet Moment.mkv
783351039	/Volumes/HDD - One Touch/WEBDL/footfetishforum/Candid Feet Dangling And Slippers/High heel strappy sandals and dangling flat sandal, close-up details. [154793083].mp4
778046605	/Volumes/HDD - One Touch/WEBDL/Videodownloadhelper/Godin voeten 8.mkv
777515563	/Volumes/HDD - One Touch/WEBDL/youtube/KAIZY/Let’s enjoy my video./Let’s enjoy my video..mp4
773081252	/Volumes/HDD - One Touch/WEBDL/_4KDownloader/Feet girls/510. Sexy asian feet.mkv
773007882	/Volumes/HDD - One Touch/WEBDL/youtube/ClaireBear61485/Me + Slide = Oh Snap!/Tortorici (ME) - S. Sebastiano - 2018.mp4
773007882	/Volumes/HDD - One Touch/WEBDL/youtube/Heimatverein D'Burgstoana/Cold Water Challenge 2014 Heimatverein D'Burgstoana Eben im Pongau/Tortorici (ME) - S. Sebastiano - 2018.mp4
771317581	/Volumes/HDD - One Touch/WEBDL/imports/videodownloadhelper/8._Relaxing_Yoga_Stretches_with_Red_Hair_Model_(Calming_Visuals)_my4oua.mkv
770971541	/Volumes/HDD - One Touch/WEBDL/_4KDownloader/hub/1355/POV： CRAZIEST Waterslide at ACTION Aquapark in Sunny Beach ｜ Waterpark in Bulgaria, Europe [KZHw3SUpz2k].webm
770971541	/Volumes/HDD - One Touch/WEBDL/_4KDownloader/hub/1370/POV： CRAZIEST Waterslide at ACTION Aquapark in Sunny Beach ｜ Waterpark in Bulgaria, Europe [aJPd-WO746o].webm
770101301	/Volumes/HDD - One Touch/WEBDL/_4KDownloader/hub/1200/DARE TO SPLASH？! EPIC Waterslide Adventure at Europe’s ACTION Water Park in Sunny Beach [x7pTMKuvLaw].webm
768589610	/Volumes/HDD - One Touch/WEBDL/_4KDownloader/hub/1101/POV： CRAZIEST Waterslide at Aquapark Nessebar Waterpark ｜ King Cobra Waterslide [FMayAKKI1Pk].webm
766964973	/Volumes/HDD - One Touch/WEBDL/_4KDownloader/Feet girls/516. Her Bare Feet On The Dashboard During A Road Trip.mkv
766829553	/Volumes/HDD - One Touch/WEBDL/_4KDownloader/hub/1427/POV： CRAZIEST Waterslide at ACTION Aquapark in Sunny Beach ｜ Waterpark in Bulgaria, Europe [Lry8gIXWI78].webm
764555625	/Volumes/HDD - One Touch/WEBDL/_4KDownloader/hub/1052/Barefoot Gone Wrong： Dirty Feet Disaster 👣 [aP5uxsYRmnw].webm
764157595	/Volumes/HDD - One Touch/WEBDL/_4KDownloader/hub/1276/POV： CRAZIEST Waterslide at ACTION Aquapark in Sunny Beach ｜ Waterpark in Bulgaria, Europe [C3aKsL1eAks].webm
763529892	/Volumes/HDD - One Touch/WEBDL/_4KDownloader/hub/1477/POV： CRAZIEST Waterslide at Aquapark Nessebar Waterpark ｜ Crazy Race Waterslide [Kd02vXFsv04].webm
763350671	/Volumes/HDD - One Touch/WEBDL/_4KDownloader/hub/1455/POV： CRAZIEST Waterslide at Aquapark Nessebar Waterpark ｜ Space Shuttle Waterslide [vJjnruwrFc4].webm
761530073	/Volumes/HDD - One Touch/WEBDL/_4KDownloader/hub/1303/POV： CRAZIEST Waterslide at ACTION Aquapark in Sunny Beach ｜ Waterpark in Bulgaria, Europe [E09Am90RX1M].webm
760794585	/Volumes/HDD - One Touch/WEBDL/_4KDownloader/hub/1190/POV： CRAZIEST Waterslide at ACTION Aquapark in Sunny Beach ｜ Waterpark in Bulgaria, Europe [3hNuoobOAjM].webm
760276676	/Volumes/HDD - One Touch/WEBDL/CAM-GIRLS/Chatroulette/chatroulette girls feet 24.mp4
759344463	/Volumes/HDD - One Touch/WEBDL/_4KDownloader/hub/1398/POV： CRAZIEST Waterslide at ACTION Aquapark in Sunny Beach ｜ Waterpark in Bulgaria, Europe [hw7AaTuAK_k].webm
759003901	/Volumes/HDD - One Touch/WEBDL/youtube/Therian friend/1 January 2026/1 January 2026.mp4
757981300	/Volumes/HDD - One Touch/WEBDL/_4KDownloader/hub/1412/POV： CRAZIEST Waterslide at ACTION Aquapark in Sunny Beach ｜ Waterpark in Bulgaria, Europe [zBUnsOIHP2Y].webm
756664570	/Volumes/HDD - One Touch/WEBDL/_4KDownloader/hub/1095/POV： CRAZIEST Waterslide at ACTION Aquapark in Sunny Beach ｜ Waterpark in Bulgaria, Europe [PYSuiElVPIQ].webm
754584010	/Volumes/HDD - One Touch/WEBDL/_4KDownloader/hub/1209/POV： CRAZIEST Waterslide at ACTION Aquapark in Sunny Beach ｜ Waterpark in Bulgaria, Europe [CSaR3kZZueQ].webm
752434818	/Volumes/HDD - One Touch/WEBDL/_4KDownloader/hub/1115/POV： CRAZIEST Waterslide at ACTION Aquapark in Sunny Beach ｜ Waterpark in Bulgaria, Europe [FDie7J6SrkA].webm
750819565	/Volumes/HDD - One Touch/WEBDL/CAM-GIRLS/Chatroulette/Chatroulette Webcam girls feet 11.mp4
750316292	/Volumes/HDD - One Touch/WEBDL/_Keep2Share/Sexy Nudists on the Beach, Hidden Cam - Page 3 - Amateur Voyeur Forum/beachnudescvxhc032.mp4
748499814	/Volumes/HDD - One Touch/WEBDL/_4KDownloader/hub/1414/POV： CRAZIEST Waterslide at ACTION Aquapark in Sunny Beach ｜ Waterpark in Bulgaria, Europe [dz0Xchb919Q].webm
746952675	/Volumes/HDD - One Touch/WEBDL/_4KDownloader/hub/1328/POV： CRAZIEST Waterslide at ACTION Aquapark in Sunny Beach ｜ Waterpark in Bulgaria, Europe [SiV26sqaUos].webm
745340834	/Volumes/HDD - One Touch/WEBDL/_4KDownloader/hub/1161/DARE TO SPLASH？! EPIC Waterslide Adventure at Europe’s ACTION Water Park in Sunny Beach [agKt8fcfas0].webm
744737920	/Volumes/HDD - One Touch/WEBDL/_4KDownloader/hub/1251/POV： CRAZIEST Waterslide at ACTION Aquapark in Sunny Beach ｜ Waterpark in Bulgaria, Europe [kA8uTexMbeI].webm
743039472	/Volumes/HDD - One Touch/WEBDL/CAM-GIRLS/Chatroulette/Chatroulette Webcam girls feet 9.mp4
741339771	/Volumes/HDD - One Touch/WEBDL/_4KDownloader/hub/1203/POV： CRAZIEST Waterslide at ACTION Aquapark in Sunny Beach ｜ Waterpark in Bulgaria, Europe [rXnlraXoUvk].webm
740749708	/Volumes/HDD - One Touch/WEBDL/_4KDownloader/hub/1189/POV： CRAZIEST Waterslide at ACTION Aquapark in Sunny Beach ｜ Waterpark in Bulgaria, Europe [OLfxj7q7tR4].webm
738187581	/Volumes/HDD - One Touch/WEBDL/_4KDownloader/hub/1194/POV： CRAZIEST Waterslide at ACTION Aquapark in Sunny Beach ｜ Waterpark in Bulgaria, Europe [YThqhfN1RNM].webm
737650183	/Volumes/HDD - One Touch/WEBDL/_4KDownloader/Feet girls/514. The Forbidden Scroll A Ninja's Silent Bare Feet on Tatami Mats.mkv
732407262	/Volumes/HDD - One Touch/WEBDL/_4KDownloader/hub/1341/POV： CRAZIEST Waterslide at ACTION Aquapark in Sunny Beach ｜ Waterpark in Bulgaria, Europe [3hcDcbXefU4].webm
731649400	/Volumes/HDD - One Touch/WEBDL/_4KDownloader/Medical ASMR Archive/172. 317 - Unintentional ASMR - Assessment   Exam   Head to Toe.mkv
731611653	/Volumes/HDD - One Touch/WEBDL/_4KDownloader/hub/1193/POV： CRAZIEST Waterslide at ACTION Aquapark in Sunny Beach ｜ Waterpark in Bulgaria, Europe [Ki2FOcW6Blo].webm
730019496	/Volumes/HDD - One Touch/WEBDL/youtube/ariella/dirty white socks in parking garage on a rainy day/Fountain today Sochi.mp4
727821343	/Volumes/HDD - One Touch/WEBDL/_Keep2Share/Keep2Share - Best 2019 sexy milf legs teen toes amar voyeur candid feet 25.mp4/AIAIMPEG-4.mp4
726512198	/Volumes/HDD - One Touch/WEBDL/odysee/unknown/Candid feet girls/Candid feet girls [50aec720e459279aa8308eb92777a1732db0629d].mp4
726276269	/Volumes/HDD - One Touch/WEBDL/_4KDownloader/hub/1476/POV： CRAZIEST Waterslide at Aquapark Nessebar Waterpark ｜ Crazy Race Waterslide [9dENbSrX5u8].webm
722472545	/Volumes/HDD - One Touch/WEBDL/imports/videodownloadhelper/122._Two_light_skin_sisters_soles_live_in_the_pose_+_moisturizer_pigomy.mkv
720028822	/Volumes/HDD - One Touch/WEBDL/_Keep2Share/Joey's Feet Girls - Lil Filth Gives FootJob While Quaesita Watches ¦ Femdom POV/Joey_s Feet Girls - Lil Filth Gives FootJob While Quaesita Watches.mp4
716915093	/Volumes/HDD - One Touch/WEBDL/_4KDownloader/hub/1262/POV： CRAZIEST Waterslide at ACTION Aquapark in Sunny Beach ｜ Waterpark in Bulgaria, Europe [p_8XwGxVyw4].webm
716431728	/Volumes/HDD - One Touch/WEBDL/_4KDownloader/hub/1399/POV： CRAZIEST Waterslide at ACTION Aquapark in Sunny Beach ｜ Waterpark in Bulgaria, Europe [ahQWrU7QZKY].webm
716374968	/Volumes/HDD - One Touch/WEBDL/_Keep2Share/Keep2Share - Best 2019 sexy milf legs teen toes amar voyeur candid feet 25.mp4/download2BJWcbMPEG-4.mp4
716374968	/Volumes/HDD - One Touch/WEBDL/_Keep2Share/Keep2Share - Best 2019 sexy milf legs teen toes amar voyeur candid feet 25.mp4/downloadBkbMPEG-4.mp4
712450220	/Volumes/HDD - One Touch/WEBDL/_4KDownloader/hub/1343/POV： CRAZIEST Waterslide at ACTION Aquapark in Sunny Beach ｜ Waterpark in Bulgaria, Europe [58gdrtA7ey4].webm
709869227	/Volumes/HDD - One Touch/WEBDL/footfetishforum/Candid Feet Hot Maturewoman With Sandals On Train/High heel mules sandals dangling. [152164000].mp4
707756032	/Volumes/HDD - One Touch/WEBDL/_4KDownloader/Medical ASMR Archive/1416-d979-4dff-0d1a.part
707264560	/Volumes/HDD - One Touch/WEBDL/tiktok/@steph_fetz/(11)Steph_fetz (@steph_fetz) _ TikTok/recording_tiktok_@steph_fetz_(11)Steph_fetz (@steph_fetz) _ TikTok_2026-04-11T00-49-29-730Z_raw.mp4
705730015	/Volumes/HDD - One Touch/WEBDL/_4KDownloader/hub/1314/POV： CRAZIEST Waterslide at ACTION Aquapark in Sunny Beach ｜ Waterpark in Bulgaria, Europe [ibJW4Nx40wg].webm
705422705	/Volumes/HDD - One Touch/WEBDL/_4KDownloader/hub/1249/POV： CRAZIEST Waterslide at ACTION Aquapark in Sunny Beach ｜ Waterpark in Bulgaria, Europe [6AFhJgT5khY].webm
705024164	/Volumes/HDD - One Touch/WEBDL/_4KDownloader/hub/1252/POV： CRAZIEST Waterslide at ACTION Aquapark in Sunny Beach ｜ Waterpark in Bulgaria, Europe [2GY1Hz9RE64].webm
704842139	/Volumes/HDD - One Touch/WEBDL/_4KDownloader/hub/1329/POV： CRAZIEST Waterslide at ACTION Aquapark in Sunny Beach ｜ Waterpark in Bulgaria, Europe [GPKq0Z-xCzM].webm
702977071	/Volumes/HDD - One Touch/WEBDL/_4KDownloader/Medical ASMR Archive/12. 477 - Unintentional ASMR - Assessment   Exam   Head to Toe.mkv
701538485	/Volumes/HDD - One Touch/WEBDL/_4KDownloader/hub/1206/POV： CRAZIEST Waterslide at ACTION Aquapark in Sunny Beach ｜ Waterpark in Bulgaria, Europe [h5_cgcuvfAA].webm
701215049	/Volumes/HDD - One Touch/WEBDL/_4KDownloader/hub/1358/POV： CRAZIEST Waterslide at ACTION Aquapark in Sunny Beach ｜ Waterpark in Bulgaria, Europe [ZRZrSanhDmI].temp.webm
697961116	/Volumes/HDD - One Touch/WEBDL/_4KDownloader/hub/1163/DARE TO SPLASH？! EPIC Waterslide Adventure at Europe’s ACTION Water Park in Sunny Beach [ROkUox9IZ8Y].webm
694985312	/Volumes/HDD - One Touch/WEBDL/_4KDownloader/hub/1215/POV： CRAZIEST Waterslide at ACTION Aquapark in Sunny Beach ｜ Waterpark in Bulgaria, Europe [sWGepgnpb6U].webm
694291680	/Volumes/HDD - One Touch/WEBDL/_4KDownloader/hub/1207/POV： CRAZIEST Waterslide at ACTION Aquapark in Sunny Beach ｜ Waterpark in Bulgaria, Europe [5EkbLKb0yto].webm
692499880	/Volumes/HDD - One Touch/WEBDL/youtube/thread_8772/https___www.youtube.com_c_starswithnames/19 páginas não apagam minha história [kuHA7tuMUqo].mp4
691596067	/Volumes/HDD - One Touch/WEBDL/_Keep2Share/4055FJ/4055FJ.mp4
691361334	/Volumes/HDD - One Touch/WEBDL/CAM-GIRLS/videodownloadhelper/eporner/unknown/Isabelle Worships Yasmin Feet And Long Toes 2/Isabelle Worships Yasmin Feet And Long Toes 2 [F5yZWZwbGuJ].mp4
689804951	/Volumes/HDD - One Touch/WEBDL/_4KDownloader/hub/1198/POV： CRAZIEST Waterslide at ACTION Aquapark in Sunny Beach ｜ Waterpark in Bulgaria, Europe [CQM0k22FTBc].webm
688371071	/Volumes/HDD - One Touch/WEBDL/_4KDownloader/hub/1385/POV： CRAZIEST Waterslide at ACTION Aquapark in Sunny Beach ｜ Waterpark in Bulgaria, Europe [jD7umPdqhO0].webm
688263534	/Volumes/HDD - One Touch/WEBDL/_4KDownloader/hub/1378/POV： CRAZIEST Waterslide at ACTION Aquapark in Sunny Beach ｜ Waterpark in Bulgaria, Europe [Ed4n7gA7180].webm
687344199	/Volumes/HDD - One Touch/WEBDL/youtube/k5n3two/Ed Sheeran's Perfect Piano cover Pedal Request/Gres A Rainha - Passistas Juniores @Eleição Rainha Bateria E Destaques 2023 @PlaytekTv.mp4
685583456	/Volumes/HDD - One Touch/WEBDL/_4KDownloader/hub/1270/POV： CRAZIEST Waterslide at ACTION Aquapark in Sunny Beach ｜ Waterpark in Bulgaria, Europe [kG3OeMupkTo].webm
683570119	/Volumes/HDD - One Touch/WEBDL/youtube/Pretty Feet Toes And Soles/foot reflexology and stretching @Bellasyourgod/Yoga Pants Try-On Haul + Responding to Your Comments.mp4
683409001	/Volumes/HDD - One Touch/WEBDL/_4KDownloader/Medical ASMR Archive/492. 492 - Unintentional ASMR - Assessment   Exam   Head to Toe.mkv
683248284	/Volumes/HDD - One Touch/WEBDL/_4KDownloader/hub/1425/POV： CRAZIEST Waterslide at ACTION Aquapark in Sunny Beach ｜ Waterpark in Bulgaria, Europe [VKH8houcEY8].webm
682980095	/Volumes/HDD - One Touch/WEBDL/_4KDownloader/hub/1298/POV： CRAZIEST Waterslide at ACTION Aquapark in Sunny Beach ｜ Waterpark in Bulgaria, Europe [anGdbPKDKng].webm
681742422	/Volumes/HDD - One Touch/WEBDL/_4KDownloader/hub/1214/POV： CRAZIEST Waterslide at ACTION Aquapark in Sunny Beach ｜ Waterpark in Bulgaria, Europe [OO5NV-4cqYQ].webm
680261270	/Volumes/HDD - One Touch/WEBDL/_4KDownloader/Feet girls/435. Feet Joi2.mkv
679818161	/Volumes/HDD - One Touch/WEBDL/beauty-angels/unknown/Tanned babe orgasms on table - Beauty-Angels/Beauty-Angels_Terry_1280x720.mp4.part
679590238	/Volumes/HDD - One Touch/WEBDL/youtube/🐰 Vironika 💗 gymnastics/Вчу робити оборот затяжка🩵/Вчу робити оборот затяжка🩵.mp4
678055624	/Volumes/HDD - One Touch/WEBDL/youtube/VitFeet/Massaging my feet as I work/修脚好啊，修脚得学  #无不良引导#修脚#第一视角#沉浸式体验#在拍一种很新的vlog [sI1g5eAAZZQ].mp4
678055624	/Volumes/HDD - One Touch/WEBDL/youtube/FEET GR/Perla Vatiero/修脚好啊，修脚得学  #无不良引导#修脚#第一视角#沉浸式体验#在拍一种很新的vlog [sI1g5eAAZZQ].mp4
676744044	/Volumes/HDD - One Touch/WEBDL/_4KDownloader/hub/1015/Clip： Lunch time meeting (NMW) [2U078NyMcsE].webm
676070076	/Volumes/HDD - One Touch/WEBDL/_4KDownloader/hub/1406/POV： CRAZIEST Waterslide at ACTION Aquapark in Sunny Beach ｜ Waterpark in Bulgaria, Europe [Z4nFIF_lRMA].webm
673703536	/Volumes/HDD - One Touch/WEBDL/tiktok/@ellinstone/ellins (@ellinstone) is LIVE - TikTok LIVE/recording_tiktok_@ellinstone_ellins (@ellinstone) is LIVE - TikTok LIVE_2026-04-23T21-46-20-563Z_raw.mp4
670174401	/Volumes/HDD - One Touch/WEBDL/youtube/Pretty Feet Toes And Soles/foot reflexology and stretching @Bellasyourgod/Interviewing Mature Woman on mental health, feet, and reflexology.mp4
669884804	/Volumes/HDD - One Touch/WEBDL/_Keep2Share/Keep2Share - Anya Zenkova - Kitchen.mp4/downloadHvP8cMPEG-4.mp4
669583317	/Volumes/HDD - One Touch/WEBDL/_Keep2Share/4198tts/4198tts.mp4
669201580	/Volumes/HDD - One Touch/WEBDL/_Keep2Share/Forumophilia - PORN FORUM ; Lovely women's legs in Foot fetish video - Page 364/footfetish_luella_-_flaccid_hfo_to_my_perfect_feet.mp4
669134830	/Volumes/HDD - One Touch/WEBDL/footfetishforum/Candid Feet Hot Maturewoman With Sandals On Train/Slippers feet dangling. Beauty with slippers on train. [153666340].mp4
667912023	/Volumes/HDD - One Touch/WEBDL/imports/videodownloadhelper/98._Relaxing_Yoga_Session_LIVE_—_Feet_Up_&_Cozy_Stretching_172j57e.mkv
666489043	/Volumes/HDD - One Touch/WEBDL/imports/videodownloadhelper/23._Barefoot_Yoga_Foot_Stretches_in_the_Gym_–_Daily_Mobility_Routine_17js58o.mkv
666108143	/Volumes/HDD - One Touch/WEBDL/youtube/Beach4U/🇪🇸 Sunny day at Barcelona beach Spain/recording_youtube_Beach4U_🇪🇸 Sunny day at Barcelona beach Spain_2026-02-07T18-00-11-311Z.mp4
665532799	/Volumes/HDD - One Touch/WEBDL/_4KDownloader/Feet girls/433. Cute stoner girl takes off boots and humiliates with soles.mkv
665453127	/Volumes/HDD - One Touch/WEBDL/patreon/unknown/Candid feet _ Patreon/Slippers feet dangling. Beauty with slippers on train. [153666340].mp4
663277757	/Volumes/HDD - One Touch/WEBDL/_4KDownloader/hub/1258/POV： CRAZIEST Waterslide at ACTION Aquapark in Sunny Beach ｜ Waterpark in Bulgaria, Europe [7IEsJtOYwPQ].webm
663190305	/Volumes/HDD - One Touch/WEBDL/_4KDownloader/hub/1422/POV： CRAZIEST Waterslide at ACTION Aquapark in Sunny Beach ｜ Waterpark in Bulgaria, Europe [IjNHAK-dS9U].webm
663032939	/Volumes/HDD - One Touch/WEBDL/_4KDownloader/hub/1350/POV： CRAZIEST Waterslide at ACTION Aquapark in Sunny Beach ｜ Waterpark in Bulgaria, Europe [_7Dj9srN62U].webm
662460284	/Volumes/HDD - One Touch/WEBDL/youtube/ariella/dirty white socks in parking garage on a rainy day/Trying The New Garnier Ultimate Blends The Enriching Nourisher. #newgarnier #hairwash #wetjeans.mp4
662389931	/Volumes/HDD - One Touch/WEBDL/_Keep2Share/private shooting nude beaches around the world - Page 3 - Amateur Voyeur Forum/MVI_8463.mp4
661017073	/Volumes/HDD - One Touch/WEBDL/_4KDownloader/hub/1188/POV： CRAZIEST Waterslide at ACTION Aquapark in Sunny Beach ｜ Waterpark in Bulgaria, Europe [2tAnJ1mJLTI].webm
660964755	/Volumes/HDD - One Touch/WEBDL/footfetishforum/Bff Feet With Friends Thread/Lesbian Feet Compilation [jlWZH3upwmj].mp4
659172277	/Volumes/HDD - One Touch/WEBDL/_4KDownloader/hub/1164/DARE TO SPLASH？! EPIC Waterslide Adventure at Europe’s ACTION Water Park in Sunny Beach [SMd9vWLa3DA].webm
658641765	/Volumes/HDD - One Touch/WEBDL/CAM-GIRLS/Chatroulette/Chatroulette girls feet 26.mp4
657246036	/Volumes/HDD - One Touch/WEBDL/youtube/SuperStarberst/The Flight Attendant From Heaven/#NoFilter： The Changing World of Pageants.mp4
655153777	/Volumes/HDD - One Touch/WEBDL/_Keep2Share/Keep2Share - Best 2019 sexy milf legs teen toes amar voyeur candid feet 25.mp4/Wildcats-N134-The-Slave-Is-Immobilized-We-Spit-And-Make-Him-Lick-Our-Feet.mp4
652060104	/Volumes/HDD - One Touch/WEBDL/youtube/ariella/dirty white socks in parking garage on a rainy day/Swimming on Hot Weather, Summer Fun.#hairwashinpool #hairdunk #waterhairflip #wetjeans #wetlook.mp4
651223229	/Volumes/HDD - One Touch/WEBDL/_4KDownloader/hub/1380/POV： CRAZIEST Waterslide at ACTION Aquapark in Sunny Beach ｜ Waterpark in Bulgaria, Europe [9Bx6x59BYX4].webm
651186164	/Volumes/HDD - One Touch/WEBDL/youtube/thread_8772/https___www.youtube.com_c_starswithnames/19 páginas não apagam minha história [kuHA7tuMUqo] [#43431].mp4
648303228	/Volumes/HDD - One Touch/WEBDL/_Keep2Share/Forumophilia - PORN FORUM ; Lovely women's legs in Foot fetish video - Page 366/Nkp6iYUPz4uIZIm.mp4
648062941	/Volumes/HDD - One Touch/WEBDL/onlyfans/peachyprime/peachyprime/Streams/Videos/7szrnma7W4z7NP85cZBc9GW7AlLQqjgf_source.mp4
647495728	/Volumes/HDD - One Touch/WEBDL/chaturbate/unknown/kshawty01 2026-02-13 20_37/recording_chaturbate_unknown_kshawty01 2026-02-13 20_37_2026-02-13T19-37-20-470Z_raw.mp4
646192043	/Volumes/HDD - One Touch/WEBDL/_4KDownloader/Medical ASMR Archive/9. 480 - Unintentional ASMR - Assessment   Exam   Head to Toe.mkv
644071383	/Volumes/HDD - One Touch/WEBDL/_4KDownloader/hub/1392/POV： CRAZIEST Waterslide at ACTION Aquapark in Sunny Beach ｜ Waterpark in Bulgaria, Europe [xWE8hsaGb-M].webm
644015912	/Volumes/HDD - One Touch/WEBDL/_4KDownloader/Medical ASMR Archive/84. 405 - Unintentional ASMR - Assessment   Exam   Head to Toe.mkv
642930923	/Volumes/HDD - One Touch/WEBDL/youtube/Shoes Of Hollywood/Amanda Returns With A Blue Sheer Stockings Try On With Matching 4.5 Inch Single Sole High Heel Shoes/Amanda Returns With A Blue Sheer Stockings Try On With Matching 4.5 Inch Single Sole High Heel Shoes [hw_CXgZrPHc].mp4
642910014	/Volumes/HDD - One Touch/WEBDL/_4KDownloader/hub/1444/POV： CRAZIEST Waterslide at Aquapark Nessebar Waterpark ｜ Dragero Waterslide [9QLo1s-vzVI].webm
641015843	/Volumes/HDD - One Touch/WEBDL/_4KDownloader/hub/1143/DARE TO SPLASH？! FUN Waterslide Adventure at Europe’s LARGEST Water Park Aquaparadise in Nessebar [yOR9Ey9-IHE].webm
640117328	/Volumes/HDD - One Touch/WEBDL/imports/videodownloadhelper/36._Pretty_&_Relaxed_✨_Live_Chill_Session_1pt7yku.mkv
640117327	/Volumes/HDD - One Touch/WEBDL/imports/videodownloadhelper/172._Soft_Soles_&_Feet_Relaxing_Live_Pose_esh6o9.mkv
638638833	/Volumes/HDD - One Touch/WEBDL/_4KDownloader/hub/1092/POV： CRAZIEST Waterslide at ACTION Aquapark in Sunny Beach ｜ Waterpark in Bulgaria, Europe [KuV-v-Rz12M].webm
638337150	/Volumes/HDD - One Touch/WEBDL/xhamster/GermanAmateurVideos/Roodharige Duitse meid geeft de voorkeur aan sperma op haar geweldige tieten na een harde knal/Roodharige Duitse meid geeft de voorkeur aan sperma op haar geweldige tieten na een harde knal [xh4j5i1].mp4
638206501	/Volumes/HDD - One Touch/WEBDL/_4KDownloader/hub/1351/POV： CRAZIEST Waterslide at ACTION Aquapark in Sunny Beach ｜ Waterpark in Bulgaria, Europe [PJUFlkVn0Fs].webm
636284842	/Volumes/HDD - One Touch/WEBDL/_4KDownloader/hub/1205/POV： CRAZIEST Waterslide at ACTION Aquapark in Sunny Beach ｜ Waterpark in Bulgaria, Europe [IyxCzqlVWJ0].webm
635221152	/Volumes/HDD - One Touch/WEBDL/_4KDownloader/hub/1408/POV： CRAZIEST Waterslide at ACTION Aquapark in Sunny Beach ｜ Waterpark in Bulgaria, Europe [y6uicvQhobs].webm
634367507	/Volumes/HDD - One Touch/WEBDL/_4KDownloader/hub/1132/DARE TO SPLASH？! EPIC Waterslide Adventure at Europe’s ACTION Water Park in Sunny Beach [lLqBDngse74].webm
634342024	/Volumes/HDD - One Touch/WEBDL/youtube/Heimatverein D'Burgstoana/Cold Water Challenge 2014 Heimatverein D'Burgstoana Eben im Pongau/Pentecostal City Mission Jamaica Youths Sports Day Cheerleading Competition 2013.mp4
633688358	/Volumes/HDD - One Touch/WEBDL/_4KDownloader/hub/1184/POV： CRAZIEST Waterslide at ACTION Aquapark in Sunny Beach ｜ Waterpark in Bulgaria, Europe [3nCugSivEd8].webm
633438235	/Volumes/HDD - One Touch/WEBDL/_4KDownloader/hub/1323/POV： CRAZIEST Waterslide at ACTION Aquapark in Sunny Beach ｜ Waterpark in Bulgaria, Europe [EGItumOafKU].webm
633314427	/Volumes/HDD - One Touch/WEBDL/CAM-GIRLS/videodownloadhelper/C4n4d¡an-G¡r1s-5w3aty-F33t_h56jvl.mp4
633266376	/Volumes/HDD - One Touch/WEBDL/CAM-GIRLS/videodownloadhelper/eporner/unknown/Blonde fit girl with super long toes and soles/Blonde fit girl with super long toes and soles [jJWVwoycbU1].mp4
632794810	/Volumes/HDD - One Touch/WEBDL/imports/videodownloadhelper/38._Relaxing_Pose_Session_🌿_Calm_&_Chill_Vibes_1nlktdp.mkv
632090933	/Volumes/HDD - One Touch/WEBDL/_4KDownloader/hub/1192/POV： CRAZIEST Waterslide at ACTION Aquapark in Sunny Beach ｜ Waterpark in Bulgaria, Europe [doZAvhwDzOw].webm
631718447	/Volumes/HDD - One Touch/WEBDL/_4KDownloader/Medical ASMR Archive/153. 336 - Unintentional ASMR - Assessment   Exam   Head to Toe.mkv
630245184	/Volumes/HDD - One Touch/WEBDL/youtube/Gezen Adam/Waterslides at Aquaworld Resort Budapest in Hungary/Waterslides at Aquaworld Resort Budapest in Hungary [8s4TnuxyZg0].mp4
630153426	/Volumes/HDD - One Touch/WEBDL/footfetishforum/Candid Feet Hot Maturewoman With Sandals On Train/Bratty woman with dirty riding boot close-up. [152325062].mp4
629899431	/Volumes/HDD - One Touch/WEBDL/eporner/unknown/foot fetish/foot fetish [4uYllb02eyn].mp4
629617758	/Volumes/HDD - One Touch/WEBDL/_4KDownloader/hub/1068/POV： CRAZIEST Waterslide at ACTION Aquapark in Sunny Beach ｜ Waterpark in Bulgaria, Europe [i9Myu4jXAb4].webm
629151549	/Volumes/HDD - One Touch/WEBDL/youtube/Arthur716Akhtyamov/Казанский метрополитен 8 августа 2024 г./Казанский метрополитен 8 августа 2024 г..mp4
626943101	/Volumes/HDD - One Touch/WEBDL/_4KDownloader/hub/1311/POV： CRAZIEST Waterslide at ACTION Aquapark in Sunny Beach ｜ Waterpark in Bulgaria, Europe [qRqOeB0fIYQ].webm
626232977	/Volumes/HDD - One Touch/WEBDL/youtube/ariella/dirty white socks in parking garage on a rainy day/Hairwashing and Baths After my Morning Workout. #showerhairwash #longhairwash #hairlather #hairdunk.mp4
626065408	/Volumes/HDD - One Touch/WEBDL/_4KDownloader/Medical ASMR Archive/19cd-0b6b-753e-1c19.part
625403106	/Volumes/HDD - One Touch/WEBDL/_Keep2Share/Webcam girls show off their alluring dignity - Page 4 - Amateur Voyeur Forum/WebCamVideos002906.mp4
625395135	/Volumes/HDD - One Touch/WEBDL/_4KDownloader/hub/1337/POV： CRAZIEST Waterslide at ACTION Aquapark in Sunny Beach ｜ Waterpark in Bulgaria, Europe [rvhBeD_ebOk].webm
624884099	/Volumes/HDD - One Touch/WEBDL/_4KDownloader/hub/1451/POV： CRAZIEST Waterslide at Aquapark Nessebar Waterpark ｜ Giant Slalom Waterslide [Oa7Y4LW34HQ].webm
624758964	/Volumes/HDD - One Touch/WEBDL/_4KDownloader/hub/1107/POV： CRAZIEST Waterslide at Aquapark Nessebar Waterpark ｜ Crazy Race Waterslide [dLCyNhfiTY4].webm
624473783	/Volumes/HDD - One Touch/WEBDL/_4KDownloader/My Holiday Diary/25. 🇹🇭Maya Bay Beach Phi Phi Islands -Thailand Dream Holiday🔥 #mayabay #phiphiislands.mp4
624285709	/Volumes/HDD - One Touch/WEBDL/footfetishforum/Cam Girls Feet Content/WqfHcaVg [WqfHcaVg].mp4
623463062	/Volumes/HDD - One Touch/WEBDL/footfetishforum/Cam Girls Feet Content/MEEoy9AQ [MEEoy9AQ].mp4
623089722	/Volumes/HDD - One Touch/WEBDL/beauty-angels/unknown/Beauty-Angels_Betty_Lang_1280x720/Beauty-Angels_Betty_Lang_1280x720.mp4
622977384	/Volumes/HDD - One Touch/WEBDL/_4KDownloader/hub/1196/POV： CRAZIEST Waterslide at ACTION Aquapark in Sunny Beach ｜ Waterpark in Bulgaria, Europe [_msc77vMxSQ].webm
621650530	/Volumes/HDD - One Touch/WEBDL/_4KDownloader/Feet girls/518. Removing My Flip Flops And Wiggling My Toes In Sand.mkv
621250568	/Volumes/HDD - One Touch/WEBDL/footfetishforum/thread_13373/Cam Girls Feet Content _ Foot Fetish Forum - The Feet Lover Community/BWNsXG5j [BWNsXG5j].mp4
620516539	/Volumes/HDD - One Touch/WEBDL/youtube/Toro Is Back/Barefoot Russian Girl Part 6/Barefoot Russian Girl Part 6 [qwUTISiRil4].temp.mp4
620516539	/Volumes/HDD - One Touch/WEBDL/youtube/Toro Is Back/Girls Casually Going Barefoot Part 7/Barefoot Russian Girl Part 6 [qwUTISiRil4].temp.mp4
619870837	/Volumes/HDD - One Touch/WEBDL/_4KDownloader/Feet girls/519. The Feeling Of Freshly Pedicured Bare Feet.mkv
618965041	/Volumes/HDD - One Touch/WEBDL/_4KDownloader/hub/1594/POV： CRAZIEST Waterslide at Aquapark Nessebar Waterpark ｜ King Cobra Waterslide [cWs_IYB4XA8].webm
617750140	/Volumes/HDD - One Touch/WEBDL/footfetishforum/thread_13373/Cam Girls Feet Content _ Foot Fetish Forum - The Feet Lover Community/xQp3LQXH [xQp3LQXH].mp4.part
617322654	/Volumes/HDD - One Touch/WEBDL/footfetishforum/thread_13373/Cam Girls Feet Content _ Foot Fetish Forum - The Feet Lover Community/EG7wGTRm [EG7wGTRm].mp4.part
616791699	/Volumes/HDD - One Touch/WEBDL/_4KDownloader/hub/1321/POV： CRAZIEST Waterslide at ACTION Aquapark in Sunny Beach ｜ Waterpark in Bulgaria, Europe [qnDKGcGhyXQ].webm
616448075	/Volumes/HDD - One Touch/WEBDL/_Keep2Share/Forumophilia - PORN FORUM ; Lovely women's legs in Foot fetish video - Page 365/footfetish_smell_my_sweaty_converse_and_then_you'll_get_shoejob.mp4
615648676	/Volumes/HDD - One Touch/WEBDL/_4KDownloader/hub/1416/POV： CRAZIEST Waterslide at ACTION Aquapark in Sunny Beach ｜ Waterpark in Bulgaria, Europe [rZT2i4Bh_cs].webm
614664111	/Volumes/HDD - One Touch/WEBDL/_4KDownloader/hub/1211/POV： CRAZIEST Waterslide at ACTION Aquapark in Sunny Beach ｜ Waterpark in Bulgaria, Europe [fKSMgpFzrcw].webm
614468912	/Volumes/HDD - One Touch/WEBDL/youtube/Walk Tour Water Park/The Fearless Rapid Lazy River/The Fearless Rapid Lazy River.mp4
614370847	/Volumes/HDD - One Touch/WEBDL/_4KDownloader/Medical ASMR Archive/43. 446 - Unintentional ASMR - Assessment   Exam   Head to Toe.mkv
611598513	/Volumes/HDD - One Touch/WEBDL/_4KDownloader/hub/1158/DARE TO SPLASH？! FUN Waterslide Adventure at Europe’s LARGEST Water Park Aquaparadise in Nessebar [0W_VaGjwgWM].webm
611036981	/Volumes/HDD - One Touch/WEBDL/_4KDownloader/hub/1078/POV： CRAZIEST Waterslide at ACTION Aquapark in Sunny Beach ｜ Waterpark in Bulgaria, Europe [PgKfEh7uybw].webm
611036126	/Volumes/HDD - One Touch/WEBDL/_4KDownloader/hub/1324/POV： CRAZIEST Waterslide at ACTION Aquapark in Sunny Beach ｜ Waterpark in Bulgaria, Europe [UK10pMMiLsI].webm
607700658	/Volumes/HDD - One Touch/WEBDL/_Keep2Share/Webcam girls show off their alluring dignity - Page 9 - Amateur Voyeur Forum/WebCamVideos004145.mp4
605448494	/Volumes/HDD - One Touch/WEBDL/_Keep2Share/Keep2Share - Best 2019 sexy milf legs teen toes amar voyeur candid feet 25.mp4/rCvrbuGMPEG-4.mp4
603126767	/Volumes/HDD - One Touch/WEBDL/youtube/Other Sports/Women's 3m Springboard Diving Highlights – Round 3 _ Belgrade 2024/Women's 3m Springboard Diving Highlights – Round 3 ｜ Belgrade 2024.mp4
602330128	/Volumes/HDD - One Touch/WEBDL/_4KDownloader/hub/1106/POV： CRAZIEST Waterslide at ACTION Aquapark in Sunny Beach ｜ Waterpark in Bulgaria, Europe [LIglzPAw9RE].webm
597706611	/Volumes/HDD - One Touch/WEBDL/_Keep2Share/Keep2Share - Best 2019 sexy milf legs teen toes amar voyeur candid feet 25.mp4/7744 Lick My Feet.mp4
597706611	/Volumes/HDD - One Touch/WEBDL/_Keep2Share/Keep2Share - Best 2019 sexy milf legs teen toes amar voyeur candid feet 25.mp4/downloadN3pDvMPEG-4.mp4
597348900	/Volumes/HDD - One Touch/WEBDL/_4KDownloader/My Holiday Diary/87. Patong Beach Walking Street Phuket Thailand.mp4
596565290	/Volumes/HDD - One Touch/WEBDL/_4KDownloader/hub/1119/DARE TO SPLASH？! EPIC Waterslide Adventure at Europe’s ACTION Water Park in Sunny Beach [qymWB5GpKvc].webm
595941223	/Volumes/HDD - One Touch/WEBDL/youtube/k5n3two/Ed Sheeran's Perfect Piano cover Pedal Request/＂Torn＂. Эстрадный танец. Возраст 7-8..mp4
593745818	/Volumes/HDD - One Touch/WEBDL/_4KDownloader/hub/1318/POV： CRAZIEST Waterslide at ACTION Aquapark in Sunny Beach ｜ Waterpark in Bulgaria, Europe [FjSJiGy5TdQ].webm
593410196	/Volumes/HDD - One Touch/WEBDL/_4KDownloader/hub/1185/POV： CRAZIEST Waterslide at ACTION Aquapark in Sunny Beach ｜ Waterpark in Bulgaria, Europe [3nN38iJaLeA].webm
593384924	/Volumes/HDD - One Touch/WEBDL/imports/videodownloadhelper/109._New_sandals_and_neon_pedicure_feet_new_sandals_review_and_trying_it_on_😍_1z0tmay.mkv
592253658	/Volumes/HDD - One Touch/WEBDL/youtube/Toro Is Back/Girls Casually Going Barefoot Part 7/Barefoot Russian Girl Part 6 [qwUTISiRil4].f137.mp4
592253658	/Volumes/HDD - One Touch/WEBDL/youtube/Toro Is Back/Barefoot Russian Girl Part 6/Barefoot Russian Girl Part 6 [qwUTISiRil4].f137.mp4
591568604	/Volumes/HDD - One Touch/WEBDL/_4KDownloader/hub/1465/POV： CRAZIEST Waterslide at Aquapark Nessebar Waterpark ｜ Tsunami Waterslide Tsunami [4sheKfoF8hU].webm
589163368	/Volumes/HDD - One Touch/WEBDL/CAM-GIRLS/videodownloadhelper/pantyhose10725_3cpt8t.mp4
587222161	/Volumes/HDD - One Touch/WEBDL/_4KDownloader/hub/1468/POV： CRAZIEST Waterslide at Aquapark Nessebar Waterpark ｜ Tsunami Waterslide Tsunami [2LYFGmNmQWI].webm
586329900	/Volumes/HDD - One Touch/WEBDL/_4KDownloader/hub/1438/POV： CRAZIEST Waterslide at ACTION Aquapark in Sunny Beach ｜ Waterpark in Bulgaria, Europe [zAg2r3PMID8].webm
586043227	/Volumes/HDD - One Touch/WEBDL/youtube/FEET GR/Perla Vatiero/ASMR Oil Soles Sounds ✨ ｜ Featuring Leather Trousers 🎙️ [4xbI43hQYEM].mp4
585208913	/Volumes/HDD - One Touch/WEBDL/_4KDownloader/hub/1345/POV： CRAZIEST Waterslide at ACTION Aquapark in Sunny Beach ｜ Waterpark in Bulgaria, Europe [QycaZnoMeRU].webm
585134596	/Volumes/HDD - One Touch/WEBDL/_4KDownloader/hub/1433/POV： CRAZIEST Waterslide at ACTION Aquapark in Sunny Beach ｜ Waterpark in Bulgaria, Europe [0joHMh5Dyrs].webm
584797993	/Volumes/HDD - One Touch/WEBDL/_4KDownloader/hub/3458/You're Exactly Where You Need to Be ｜ A Calm Walking Video [h9BLkXlCJk0].webm
583268214	/Volumes/HDD - One Touch/WEBDL/youtube/Socks n Stuff/Dual candid shoeplay birk_birk/Dual candid shoeplay birk⧸birk.mp4
582890181	/Volumes/HDD - One Touch/WEBDL/youtube/MarlingYoga/Detox day 13! Day 1483 of yoga and gratefulness/Detox day 13! Day 1483 of yoga and gratefulness.mp4
582621844	/Volumes/HDD - One Touch/WEBDL/youtube/k5n3two/Ed Sheeran's Perfect Piano cover Pedal Request/＂I Believe In Joe Hendry＂ - Official Music Video 10 Hours.f140.m4a
581969674	/Volumes/HDD - One Touch/WEBDL/_4KDownloader/Medical ASMR Archive/210. 279 - Unintentional ASMR - Assessment   Exam   Head to Toe.mkv
580369782	/Volumes/HDD - One Touch/WEBDL/_4KDownloader/Medical ASMR Archive/227. 262 - Unintentional ASMR - Assessment   Exam   Head to Toe.mkv
579890252	/Volumes/HDD - One Touch/WEBDL/_4KDownloader/Medical ASMR Archive/30. 459 - Unintentional ASMR - Assessment   Exam   Head to Toe.mkv
576976335	/Volumes/HDD - One Touch/WEBDL/_4KDownloader/hub/1467/POV： CRAZIEST Waterslide at Aquapark Nessebar Waterpark ｜ Tsunami Waterslide Tsunami [9kPb9_b2fQc].webm
576902806	/Volumes/HDD - One Touch/WEBDL/youtube/Full Move Fitness/Sexy Valentine Chair Dance combo!/Sexy Valentine Chair Dance combo!.mp4
575809391	/Volumes/HDD - One Touch/WEBDL/_4KDownloader/hub/1356/POV： CRAZIEST Waterslide at ACTION Aquapark in Sunny Beach ｜ Waterpark in Bulgaria, Europe [Os1opQ3MtGc].webm
575809391	/Volumes/HDD - One Touch/WEBDL/_4KDownloader/hub/1371/POV： CRAZIEST Waterslide at ACTION Aquapark in Sunny Beach ｜ Waterpark in Bulgaria, Europe [QL32sOtHMjw].webm
575371377	/Volumes/HDD - One Touch/WEBDL/_4KDownloader/hub/1202/POV： CRAZIEST Waterslide at ACTION Aquapark in Sunny Beach ｜ Waterpark in Bulgaria, Europe [FF0DmDL3rJU].webm
570996922	/Volumes/HDD - One Touch/WEBDL/_Keep2Share/Keep2Share - Best 2019 sexy milf legs teen toes amar voyeur candid feet 25.mp4/downloadv8xtlLgMPEG-4.mp4
570996922	/Volumes/HDD - One Touch/WEBDL/_Keep2Share/Keep2Share - Best 2019 sexy milf legs teen toes amar voyeur candid feet 25.mp4/Foot_Domination-New_Slave_Girl_Learns_to_Lick_Feet_-_UnderGirlsFeet_FullHD_1080p-xfantazy2024.mp4
569910685	/Volumes/HDD - One Touch/WEBDL/imports/videodownloadhelper/157._Gentle_Yoga_&_Soles_Soothing_Foot_Moment_xx1oc9.mkv
569901104	/Volumes/HDD - One Touch/WEBDL/tiktok/@feyzanurcankaya/FEYZA NUR ÇANKAYA (@feyzanurcankaya) is LIVE - TikTok LIVE/recording_tiktok_@feyzanurcankaya_FEYZA NUR ÇANKAYA (@feyzanurcankaya) is LIVE - TikTok LIVE_2026-02-13T13-48-53-707Z_raw.mp4
568394861	/Volumes/HDD - One Touch/WEBDL/_4KDownloader/hub/1217/POV： CRAZIEST Waterslide at ACTION Aquapark in Sunny Beach ｜ Waterpark in Bulgaria, Europe [QeKjlfxb3Rc].webm
567818588	/Volumes/HDD - One Touch/WEBDL/footfetishforum/Candid Feet Hot Maturewoman With Sandals On Train/Very beauty high heel dangling, amazing feet. [152827598].mp4
566916220	/Volumes/HDD - One Touch/WEBDL/youtube/LAX 45/LAX 2020 GROUP REFLECTION #4 GROUP 45/LAX 2020 GROUP REFLECTION #4 GROUP 45.mp4
565300782	/Volumes/HDD - One Touch/WEBDL/_4KDownloader/hub/1387/POV： CRAZIEST Waterslide at ACTION Aquapark in Sunny Beach ｜ Waterpark in Bulgaria, Europe [FA-wM__vM9s].webm
565027177	/Volumes/HDD - One Touch/WEBDL/_Keep2Share/Sexy Nudists on the Beach, Hidden Cam - Amateur Voyeur Forum/beachnudescvxhc109.mp4
565027177	/Volumes/HDD - One Touch/WEBDL/_Keep2Share/Keep2Share - Recommended videos/beachnudistsvideo140.mp4
564757412	/Volumes/HDD - One Touch/WEBDL/_4KDownloader/hub/1208/POV： CRAZIEST Waterslide at ACTION Aquapark in Sunny Beach ｜ Waterpark in Bulgaria, Europe [P1KsCKSMiuU].webm
564298295	/Volumes/HDD - One Touch/WEBDL/_4KDownloader/Medical ASMR Archive/148. 341 - Unintentional ASMR - Assessment   Exam   Head to Toe.mkv
563987879	/Volumes/HDD - One Touch/WEBDL/tiktok/@naenaes_back/Nae Nae 💋😍 (@naenaes_back) is LIVE - TikTok LIVE/recording_tiktok_@naenaes_back_Nae Nae 💋😍 (@naenaes_back) is LIVE - TikTok LIVE_2026-05-01T07-52-03-006Z_raw.mp4
562896436	/Volumes/HDD - One Touch/WEBDL/_4KDownloader/hub/1436/POV： CRAZIEST Waterslide at ACTION Aquapark in Sunny Beach ｜ Waterpark in Bulgaria, Europe [7PqPxly7Ek8].webm
562846198	/Volumes/HDD - One Touch/WEBDL/_4KDownloader/hub/1264/POV： CRAZIEST Waterslide at ACTION Aquapark in Sunny Beach ｜ Waterpark in Bulgaria, Europe [RN8hayhQWus].webm
560781682	/Volumes/HDD - One Touch/WEBDL/youtube/Reflexologist/Feet Reflexology and health interview/Feet Reflexology and  health interview.mov
559416117	/Volumes/HDD - One Touch/WEBDL/_4KDownloader/Medical ASMR Archive/218. 271 - Unintentional ASMR - Assessment   Exam   Head to Toe.mkv
559103291	/Volumes/HDD - One Touch/WEBDL/_4KDownloader/hub/1201/POV： CRAZIEST Waterslide at ACTION Aquapark in Sunny Beach ｜ Waterpark in Bulgaria, Europe [NWB-07fZW-g].webm
558581599	/Volumes/HDD - One Touch/WEBDL/_Keep2Share/Sexy Nudists on the Beach, Hidden Cam - Page 7 - Amateur Voyeur Forum/beachnudescvxhc107.mp4
558179756	/Volumes/HDD - One Touch/WEBDL/imports/videodownloadhelper/45._Cute_colombian_girl_shows_feet_6_6i415h_1twn1rf.mkv
558099855	/Volumes/HDD - One Touch/WEBDL/tiktok/@naenaes_back/Nae Nae 💋😍 (@naenaes_back) is LIVE - TikTok LIVE/recording_tiktok_@naenaes_back_Nae Nae 💋😍 (@naenaes_back) is LIVE - TikTok LIVE_2026-05-01T07-39-42-399Z_raw.mp4
557870030	/Volumes/HDD - One Touch/WEBDL/youtube/MarlingYoga/Detox day 13! Day 1483 of yoga and gratefulness/Detox day 13! Day 1483 of yoga and gratefulness.mov
556799085	/Volumes/HDD - One Touch/WEBDL/_4KDownloader/Medical ASMR Archive/168. 321 - Unintentional ASMR - Assessment   Exam   Head to Toe.mkv
556608562	/Volumes/HDD - One Touch/WEBDL/_4KDownloader/hub/1384/POV： CRAZIEST Waterslide at ACTION Aquapark in Sunny Beach ｜ Waterpark in Bulgaria, Europe [oijyyqb9njw].webm
554136420	/Volumes/HDD - One Touch/WEBDL/_4KDownloader/hub/1263/POV： CRAZIEST Waterslide at ACTION Aquapark in Sunny Beach ｜ Waterpark in Bulgaria, Europe [Z9d1Xx2pX0k].webm
552151281	/Volumes/HDD - One Touch/WEBDL/_4KDownloader/Medical ASMR Archive/219. 270 - Unintentional ASMR - Assessment   Exam   Head to Toe.mkv
551478087	/Volumes/HDD - One Touch/WEBDL/youtube/Katlyn/Katlyn is live!/Katlyn is live!.mp4
550501864	/Volumes/HDD - One Touch/WEBDL/youtube/Chelle's Feet/Cozy desk feet_ Sandals, burgundy pedi, subtle toe wiggles/Crush military truck toy with my black Ipanema sandals #SOFIAARMAZZI [fkiglnjqGwk].mp4
549267731	/Volumes/HDD - One Touch/WEBDL/youtube/Chelle's Feet/Elevated Perch_ Topping a Barstool in thong sandals/Crush military truck toy with my black Ipanema sandals #SOFIAARMAZZI [fkiglnjqGwk].mp4
549267731	/Volumes/HDD - One Touch/WEBDL/youtube/Davina Gold/Step into Summer_ Sandal Try On Haul 👡✨_/Crush military truck toy with my black Ipanema sandals #SOFIAARMAZZI [fkiglnjqGwk].mp4
549267731	/Volumes/HDD - One Touch/WEBDL/youtube/Iwona Blecharczyk/#pisa #tower/Crush military truck toy with my black Ipanema sandals #SOFIAARMAZZI [fkiglnjqGwk].mp4
549267731	/Volumes/HDD - One Touch/WEBDL/youtube/Iwona Blecharczyk/# #trucking #summer #girl/Crush military truck toy with my black Ipanema sandals #SOFIAARMAZZI [fkiglnjqGwk].mp4
549267731	/Volumes/HDD - One Touch/WEBDL/youtube/Snow Princess ASMR/ASMR _ Walking in new Sandal/Crush military truck toy with my black Ipanema sandals #SOFIAARMAZZI [fkiglnjqGwk].mp4
549226622	/Volumes/HDD - One Touch/WEBDL/_4KDownloader/hub/1316/POV： CRAZIEST Waterslide at ACTION Aquapark in Sunny Beach ｜ Waterpark in Bulgaria, Europe [YUNP2YXYj4g].webm
548748293	/Volumes/HDD - One Touch/WEBDL/youtube/Upcycle Shoes/VLOG_ Indoor Shopping Sneaker Haul with Nikki Part 5/VLOG：  Indoor Shopping Sneaker Haul with Nikki Part 5.mp4
548334476	/Volumes/HDD - One Touch/WEBDL/imports/videodownloadhelper/24._Barbie_Doll_Crush_Walkover_Crush_Fetish_and_Trampled_in_New_Cork_Wedge_Sanda_go44qh.mkv
547303344	/Volumes/HDD - One Touch/WEBDL/youtube/Pezinhos Amora/Amora Feet - Close shoeplay and soles/Crush military truck toy with my black Ipanema sandals #SOFIAARMAZZI [fkiglnjqGwk].temp.mp4
547052780	/Volumes/HDD - One Touch/WEBDL/_4KDownloader/Medical ASMR Archive/37. 452 - Unintentional ASMR - Assessment   Exam   Head to Toe.mkv
546609722	/Volumes/HDD - One Touch/WEBDL/CAM-GIRLS/videodownloadhelper/W4ntF33t_-_D4rcy_53xy_B¡g_5o1es_1wdzstl.mp4
545664978	/Volumes/HDD - One Touch/WEBDL/_4KDownloader/hub/1489/POV： CRAZIEST Waterslide at Aquapark Nessebar Waterpark ｜ King Cobra Waterslide [at5mHI2_LTM].webm
545600748	/Volumes/HDD - One Touch/WEBDL/_4KDownloader/hub/1140/DARE TO SPLASH？! FUN Waterslide Adventure at Europe’s LARGEST Water Park Aquaparadise in Nessebar [z_BnZ8A2jPo].webm
545479781	/Volumes/HDD - One Touch/WEBDL/_4KDownloader/hub/1191/POV： CRAZIEST Waterslide at ACTION Aquapark in Sunny Beach ｜ Waterpark in Bulgaria, Europe [bR2i5cLmmBo].webm
544676248	/Volumes/HDD - One Touch/WEBDL/_4KDownloader/hub/1435/POV： CRAZIEST Waterslide at ACTION Aquapark in Sunny Beach ｜ Waterpark in Bulgaria, Europe [Mo52UGMrX-o].webm
543960979	/Volumes/HDD - One Touch/WEBDL/_4KDownloader/hub/1146/POV： Massive Waterslide at Europe’s Largest Waterpark! Aquaparadise Waterpark Nessebar [RE8KRRbwYYk].webm
543276180	/Volumes/HDD - One Touch/WEBDL/CAM-GIRLS/Chatroulette/Chatroulette Webcam girls feet 1.mp4
542769531	/Volumes/HDD - One Touch/WEBDL/_4KDownloader/hub/1151/DARE TO SPLASH？! FUN Waterslide Adventure at Europe’s LARGEST Water Park Aquaparadise in Nessebar [H2Q1JC2egS4].webm
541932166	/Volumes/HDD - One Touch/WEBDL/eporner/unknown/Foot Fetish/Foot Fetish [kbFRuqEDrUp].mp4
541593893	/Volumes/HDD - One Touch/WEBDL/youtube/FeetArea/Cute Feet on TikTok Live/Cute Feet on TikTok Live [yHvROGCoxrc].mp4
538170595	/Volumes/HDD - One Touch/WEBDL/_4KDownloader/hub/1197/POV： CRAZIEST Waterslide at ACTION Aquapark in Sunny Beach ｜ Waterpark in Bulgaria, Europe [UIhsW9FVXiY].webm
537771703	/Volumes/HDD - One Touch/WEBDL/_4KDownloader/hub/1148/DARE TO SPLASH？! FUN Waterslide Adventure at Europe’s LARGEST Water Park Aquaparadise in Nessebar [VK-RlZleFsI].webm
535713191	/Volumes/HDD - One Touch/WEBDL/CAM-GIRLS/Chatroulette/Chatroulette Webcam girls feet 2.mp4
535672364	/Volumes/HDD - One Touch/WEBDL/youtube/ariella/dirty white socks in parking garage on a rainy day/(ASMR) Shower Hairwash Day Routine. #asmrhairwash #longhairwash #hairlather #wetwhitejeans #wetlook.mp4
534702160	/Volumes/HDD - One Touch/WEBDL/_4KDownloader/My Holiday Diary/52. Pattaya Walking Street Thailand Nightlife 4K  2024.mp4
534481277	/Volumes/HDD - One Touch/WEBDL/_4KDownloader/hub/1411/POV： CRAZIEST Waterslide at ACTION Aquapark in Sunny Beach ｜ Waterpark in Bulgaria, Europe [azsYrX6knck].f315.webm.part
533589136	/Volumes/HDD - One Touch/WEBDL/xhamster/DeutschlandPornos/Een mooie Duitse tiener masturbeert voordat ze een hard bot zuigt/Een mooie Duitse tiener masturbeert voordat ze een hard bot zuigt [xhT82n1].mp4
533477417	/Volumes/HDD - One Touch/WEBDL/youtube/ariella/dirty white socks in parking garage on a rainy day/Long Hairwash & Bath Day. #longhairwash #hairshampoowash #hairlather #wetpajama #wetlook #wetclothes.mp4
532132930	/Volumes/HDD - One Touch/WEBDL/CAM-GIRLS/Chatroulette/Chatroulette Webcam girls feet 0.mp4
531960457	/Volumes/HDD - One Touch/WEBDL/_4KDownloader/hub/1210/POV： CRAZIEST Waterslide at ACTION Aquapark in Sunny Beach ｜ Waterpark in Bulgaria, Europe [yZpqQPA-czM].webm
531476752	/Volumes/HDD - One Touch/WEBDL/patreon/unknown/Candid feet _ Patreon/Beautyful blonde girl with arched feet and high heels [153673398].mp4
531103792	/Volumes/HDD - One Touch/WEBDL/footfetishforum/Candid Amazing Barefeet On Train Seat And Dangling/Amazing baresoles view, how a portrait. [154791303].temp.mp4
529925704	/Volumes/HDD - One Touch/WEBDL/_Keep2Share/Keep2Share - Best 2019 sexy milf legs teen toes amar voyeur candid feet 25.mp4/downloadQyYt1nMPEG-4.mp4
529125580	/Volumes/HDD - One Touch/WEBDL/youtube/Relaxed Roamer/Walking in Aquashow Water Park, Algarve, Portugal 🇵🇹/Walking in Aquashow Water Park, Algarve, Portugal 🇵🇹 [4y6aEfEngzY].mp4
529098332	/Volumes/HDD - One Touch/WEBDL/_4KDownloader/hub/1167/DARE TO SPLASH？! EPIC Waterslide Adventure at Europe’s ACTION Water Park in Sunny Beach [tQreChDR9Mo].webm
529089870	/Volumes/HDD - One Touch/WEBDL/_Keep2Share/Webcam girls show off their alluring dignity - Page 10 - Amateur Voyeur Forum/WebCamVideos004628.mp4
526713881	/Volumes/HDD - One Touch/WEBDL/_4KDownloader/hub/1490/POV： CRAZIEST Waterslide at Aquapark Nessebar Waterpark ｜ King Cobra Waterslide [32DY7rcZWpI].webm
525939809	/Volumes/HDD - One Touch/WEBDL/youtube/Pezinhos Amora/Amora Feet - Close shoeplay and soles/Crush military truck toy with my black Ipanema sandals #SOFIAARMAZZI [fkiglnjqGwk].f299.mp4
525022165	/Volumes/HDD - One Touch/WEBDL/youtube/ariella/dirty white socks in parking garage on a rainy day/Warm Relaxing Baths After Work is the Best. #relaxingbaths #asmrbath  #bathinclothes #wetjeans.mp4
524541284	/Volumes/HDD - One Touch/WEBDL/_4KDownloader/hub/1083/POV： CRAZIEST Waterslide at Aquapark Nessebar Waterpark ｜ Giant Slalom Waterslide [JquzVcZ7vNU].webm
524365907	/Volumes/HDD - One Touch/WEBDL/_4KDownloader/hub/1076/POV： CRAZIEST Waterslide at ACTION Aquapark in Sunny Beach ｜ Waterpark in Bulgaria, Europe [HI7DvuJ1x7c].webm
523838154	/Volumes/HDD - One Touch/WEBDL/_4KDownloader/hub/1334/POV： CRAZIEST Waterslide at ACTION Aquapark in Sunny Beach ｜ Waterpark in Bulgaria, Europe [ddL0EnWIeUA].webm
522494692	/Volumes/HDD - One Touch/WEBDL/_4KDownloader/hub/1365/POV： CRAZIEST Waterslide at ACTION Aquapark in Sunny Beach ｜ Waterpark in Bulgaria, Europe [csiWGZmPiYw].webm
522384674	/Volumes/HDD - One Touch/WEBDL/youtube/Chelle's Feet/Cozy desk feet_ Sandals, burgundy pedi, subtle toe wiggles/Crush military truck toy with my black Ipanema sandals floor view birthday special 29 #SOFIAARMAZZI [MyIu9-NkplU].mp4
522147408	/Volumes/HDD - One Touch/WEBDL/_4KDownloader/hub/1075/POV： CRAZIEST Waterslide at Aquapark Nessebar Waterpark ｜ Crazy Race Waterslide [gcPIp92YEeY].webm
521938460	/Volumes/HDD - One Touch/WEBDL/youtube/ariella/dirty white socks in parking garage on a rainy day/(ASMR) Relaxing Baths & Longhair Play. #asmrbath #wetlook #asmrbubblebaths #wetclothes #wetjeans.mp4
521484066	/Volumes/HDD - One Touch/WEBDL/youtube/missamandakate/Tony Mock Interview DIE4436/Tony Mock Interview DIE4436.mp4
521041626	/Volumes/HDD - One Touch/WEBDL/youtube/Chelle's Feet/Elevated Perch_ Topping a Barstool in thong sandals/Crush military truck toy with my black Ipanema sandals floor view birthday special 29 #SOFIAARMAZZI [MyIu9-NkplU].mp4
521041626	/Volumes/HDD - One Touch/WEBDL/youtube/Pezinhos Amora/Amora Feet - Close shoeplay and soles/Crush military truck toy with my black Ipanema sandals floor view birthday special 29 #SOFIAARMAZZI [MyIu9-NkplU].mp4
521041626	/Volumes/HDD - One Touch/WEBDL/youtube/Iwona Blecharczyk/#pisa #tower/Crush military truck toy with my black Ipanema sandals floor view birthday special 29 #SOFIAARMAZZI [MyIu9-NkplU].mp4
521041626	/Volumes/HDD - One Touch/WEBDL/youtube/Iwona Blecharczyk/Volvo AERO/Crush military truck toy with my black Ipanema sandals floor view birthday special 29 #SOFIAARMAZZI [MyIu9-NkplU].mp4
521041626	/Volumes/HDD - One Touch/WEBDL/youtube/Iwona Blecharczyk/# #trucking #summer #girl/Crush military truck toy with my black Ipanema sandals floor view birthday special 29 #SOFIAARMAZZI [MyIu9-NkplU].mp4
521041626	/Volumes/HDD - One Touch/WEBDL/youtube/Snow Princess ASMR/ASMR _ Walking in new Sandal/Crush military truck toy with my black Ipanema sandals floor view birthday special 29 #SOFIAARMAZZI [MyIu9-NkplU].mp4
521041626	/Volumes/HDD - One Touch/WEBDL/youtube/Davina Gold/Step into Summer_ Sandal Try On Haul 👡✨_/Crush military truck toy with my black Ipanema sandals floor view birthday special 29 #SOFIAARMAZZI [MyIu9-NkplU].mp4
520531404	/Volumes/HDD - One Touch/WEBDL/CAM-GIRLS/Chatroulette/Chatroulette Webcam girls feet 23.mp4
520520687	/Volumes/HDD - One Touch/WEBDL/_4KDownloader/hub/1285/POV： CRAZIEST Waterslide at ACTION Aquapark in Sunny Beach ｜ Waterpark in Bulgaria, Europe [iQq6fYnXzk0].webm
520214749	/Volumes/HDD - One Touch/WEBDL/imports/videodownloadhelper/14._Crush_military_truck_toy_with_my_black_Ipanema_sandals_floor_view_birthday_s_1wsegjb.mkv
519268787	/Volumes/HDD - One Touch/WEBDL/footfetishforum/Candid Feet Hot Maturewoman With Sandals On Train/Beautyful blonde girl with arched feet and high heels [153673398].mp4
519268787	/Volumes/HDD - One Touch/WEBDL/patreon/unknown/Candid feet _ Patreon/Beautyful blonde girl with arched feet and high heels [153673398].temp.mp4
518411241	/Volumes/HDD - One Touch/WEBDL/_4KDownloader/hub/1364/POV： CRAZIEST Waterslide at ACTION Aquapark in Sunny Beach ｜ Waterpark in Bulgaria, Europe [SVQgGTi5Igk].webm
515905499	/Volumes/HDD - One Touch/WEBDL/_4KDownloader/hub/1377/POV： CRAZIEST Waterslide at ACTION Aquapark in Sunny Beach ｜ Waterpark in Bulgaria, Europe [gxr4mGeJVpE].webm
512899713	/Volumes/HDD - One Touch/WEBDL/_4KDownloader/hub/1141/DARE TO SPLASH？! FUN Waterslide Adventure at Europe’s LARGEST Water Park Aquaparadise in Nessebar [IFoR2fiZn1M].webm
512176473	/Volumes/HDD - One Touch/WEBDL/beauty-angels/unknown/Anal-Beauty_Asya_Murkovski_854x480/Anal-Beauty_Asya_Murkovski_854x480.mp4
512029090	/Volumes/HDD - One Touch/WEBDL/imports/videodownloadhelper/87._Relaxing_Night_Routine_in_Bed_Soles_🌿_Soft_Cozy_Moments_Black_Toes_1ywb64y.mkv
510937290	/Volumes/HDD - One Touch/WEBDL/CAM-GIRLS/videodownloadhelper/CleanShot_2026-02-27_at_20.25.00_1tdzz3l.mp4
510756001	/Volumes/HDD - One Touch/WEBDL/_4KDownloader/Feet girls/293. Q&A Episode 1   Do I do video call   Eva Fashka.mkv
509286397	/Volumes/HDD - One Touch/WEBDL/_Keep2Share/Webcam girls show off their alluring dignity - Page 5 - Amateur Voyeur Forum/WebCamVideos003408.mp4
508768997	/Volumes/HDD - One Touch/WEBDL/eporner/unknown/Foot Fetish/Foot Fetish [cu3OsoYplRR].mp4
506941408	/Volumes/HDD - One Touch/WEBDL/_4KDownloader/hub/1157/DARE TO SPLASH？! FUN Waterslide Adventure at Europe’s LARGEST Water Park Aquaparadise in Nessebar [wsCDsNs9gHk].webm
506152484	/Volumes/HDD - One Touch/WEBDL/_4KDownloader/hub/1573/POV： CRAZIEST Waterslide at Aquapark Nessebar Waterpark ｜ Jumping [Tfcjfbfv1V0].webm
506073212	/Volumes/HDD - One Touch/WEBDL/_4KDownloader/hub/1479/POV： CRAZIEST Waterslide at Aquapark Nessebar Waterpark ｜ Crazy Race Waterslide [1Y3__Qdw_TE].webm
504799388	/Volumes/HDD - One Touch/WEBDL/youtube/ariella/dirty white socks in parking garage on a rainy day/Wet socks and bath fun.mp4
503390971	/Volumes/HDD - One Touch/WEBDL/youtube/NisaSoles/American Dream Goddess Soles/Feet Soles Toes.mp4
503184385	/Volumes/HDD - One Touch/WEBDL/_4KDownloader/hub/1410/POV： CRAZIEST Waterslide at ACTION Aquapark in Sunny Beach ｜ Waterpark in Bulgaria, Europe [ackmNjRfOZs].webm
501727460	/Volumes/HDD - One Touch/WEBDL/youtube/ariella/dirty white socks in parking garage on a rainy day/Trying Jumper and Shoes in The Bath. #wetclothes #wetjeans #wetshoes #wetadidas #wetjumper #wetlook.mp4
501645177	/Volumes/HDD - One Touch/WEBDL/youtube/Dream Festival/German Beauties vs. the Teufelsrad Challenge! Devil's wheel/German Beauties vs. the Teufelsrad Challenge! Devil's wheel.mov
499182384	/Volumes/HDD - One Touch/WEBDL/_4KDownloader/hub/1096/POV： CRAZIEST Waterslide at ACTION Aquapark in Sunny Beach ｜ Waterpark in Bulgaria, Europe [-quP2DHCUDA].webm
498881375	/Volumes/HDD - One Touch/WEBDL/_4KDownloader/hub/1432/POV： CRAZIEST Waterslide at ACTION Aquapark in Sunny Beach ｜ Waterpark in Bulgaria, Europe [MWiHoHPenzA].webm
498070027	/Volumes/HDD - One Touch/WEBDL/_4KDownloader/hub/1284/POV： CRAZIEST Waterslide at ACTION Aquapark in Sunny Beach ｜ Waterpark in Bulgaria, Europe [ACHM_owXTP4].webm
498052434	/Volumes/HDD - One Touch/WEBDL/CAM-GIRLS/videodownloadhelper/0h98pm2cyglk9t4qkuszg_source_1r9m55t.mp4
497779847	/Volumes/HDD - One Touch/WEBDL/patreon/unknown/Candid feet _ Patreon/Beauty bratty girl with her dirty slippers on train seat, dangling and soles view. [153688073].mp4
497776307	/Volumes/HDD - One Touch/WEBDL/footfetishforum/Candid Feet Hot Maturewoman With Sandals On Train/Beauty bratty girl with her dirty slippers on train seat, dangling and soles view. [153688073].mp4
496544290	/Volumes/HDD - One Touch/WEBDL/_4KDownloader/hub/1282/POV： CRAZIEST Waterslide at ACTION Aquapark in Sunny Beach ｜ Waterpark in Bulgaria, Europe [XDbUU3wyP0A].webm
495709290	/Volumes/HDD - One Touch/WEBDL/_4KDownloader/hub/1310/POV： CRAZIEST Waterslide at ACTION Aquapark in Sunny Beach ｜ Waterpark in Bulgaria, Europe [jziFk_gMjd0].webm
495529984	/Volumes/HDD - One Touch/WEBDL/beauty-angels/unknown/Beauty-Angels_Yanik_1280x720/Beauty-Angels_Yanik_1280x720.mp4.part
495418609	/Volumes/HDD - One Touch/WEBDL/_4KDownloader/Medical ASMR Archive/117. 372 - Unintentional ASMR - Assessment   Exam   Head to Toe.mkv
495190064	/Volumes/HDD - One Touch/WEBDL/tiktok/@xjvd__18/xjvd__18 (@xjvd__18) is LIVE - TikTok LIVE/recording_tiktok_@xjvd_18_xjvd_18 (@xjvd_18) is LIVE - TikTok LIVE_2026-04-30T23-53-42-668Z_raw.mp4
494952448	/Volumes/HDD - One Touch/WEBDL/imports/videodownloadhelper/Toes_soles_Candid_feet_like_Girls_soles_Omegle_foot_girls(8)_1iul200.mkv
494801154	/Volumes/HDD - One Touch/WEBDL/_Keep2Share/Hotfallingdevil 2020-11-08_Webcam3/Hotfallingdevil 2020-11-08_Webcam3.mp4
494686320	/Volumes/HDD - One Touch/WEBDL/_4KDownloader/hub/1407/POV： CRAZIEST Waterslide at ACTION Aquapark in Sunny Beach ｜ Waterpark in Bulgaria, Europe [ga4_P4QMNPA].webm
494558666	/Volumes/HDD - One Touch/WEBDL/youtube/Reflexologist/Reflexologist reacts to standing reflexology at the grocery store part 2/Reflexologist reacts to standing reflexology at the grocery store part 2 [l65zDfJW-EE].mp4
493567687	/Volumes/HDD - One Touch/WEBDL/youtube/Mathilde Waale/The Yoga Challenge/Ich teste 5 verschiedene Jeans Hosen in Größe 36 von Amazon.mp4
493233757	/Volumes/HDD - One Touch/WEBDL/youtube/Soleful Discussions/Soleful Discussions Part 370/Soleful Discussions Part 370.mp4
493083975	/Volumes/HDD - One Touch/WEBDL/imports/videodownloadhelper/13._Ich_teste_5_verschiedene_Jeans_Hosen_in_Größe_36_von_Amazon_1yxuii2.mkv
493031504	/Volumes/HDD - One Touch/WEBDL/youtube/City-Feet.com Russian/Anna - A summer barefoot walk [pt.2] (from City-Feet.com)/Unseen Secrets： Exploring Europe's INSANE Water Park. Aquaparadise in Bulgaria. All Waterslides [M45V_q0uLHk].mp4.part
492758440	/Volumes/HDD - One Touch/WEBDL/_4KDownloader/hub/1405/POV： CRAZIEST Waterslide at ACTION Aquapark in Sunny Beach ｜ Waterpark in Bulgaria, Europe [u6ytEexo3dM].webm
492733937	/Volumes/HDD - One Touch/WEBDL/youtube/k5n3two/Ed Sheeran's Perfect Piano cover Pedal Request/Gardetanz ⧸ Carnaval dance show Garde.mp4
492424490	/Volumes/HDD - One Touch/WEBDL/_4KDownloader/hub/1182/POV： CRAZIEST Waterslide at Aquapark Nessebar Waterpark ｜ Dragero Waterslide [9-XrNDlOJCk].webm
491851834	/Volumes/HDD - One Touch/WEBDL/_4KDownloader/hub/1413/POV： CRAZIEST Waterslide at ACTION Aquapark in Sunny Beach ｜ Waterpark in Bulgaria, Europe [huph01F8-io].webm
491636539	/Volumes/HDD - One Touch/WEBDL/_Keep2Share/Sexy Nudists on the Beach, Hidden Cam - Page 6 - Amateur Voyeur Forum/beachnudescvxhc005.mp4
491475049	/Volumes/HDD - One Touch/WEBDL/_4KDownloader/hub/1094/POV： CRAZIEST Waterslide at Aquapark Nessebar Waterpark ｜ Volcano Waterslide [fXqYpAGrTHQ].webm
490881423	/Volumes/HDD - One Touch/WEBDL/CAM-GIRLS/_Downloads te importeren/All the waterslides at the waterpark in Balneário Camboriú Brazi.mkv
488338415	/Volumes/HDD - One Touch/WEBDL/_4KDownloader/Medical ASMR Archive/120. 369 - Unintentional ASMR - Assessment   Exam   Head to Toe.mkv
487007279	/Volumes/HDD - One Touch/WEBDL/youtube/vonthedon/Doing yoga + shopping haul! (⁠◔⁠‿⁠◔⁠)/Doing yoga + shopping haul! (⁠◔⁠‿⁠◔⁠).mp4
486799702	/Volumes/HDD - One Touch/WEBDL/_4KDownloader/hub/1481/POV： CRAZIEST Waterslide at Aquapark Nessebar Waterpark ｜ Crazy Race Waterslide [B308enr-Wwo].webm
486412460	/Volumes/HDD - One Touch/WEBDL/_4KDownloader/Feet girls/436. imz 44.mkv
485693108	/Volumes/HDD - One Touch/WEBDL/_4KDownloader/hub/1180/POV： CRAZIEST Waterslide at Aquapark Nessebar Waterpark ｜ Dragero Waterslide [nlDwYdQ__t8].webm
485648945	/Volumes/HDD - One Touch/WEBDL/_4KDownloader/hub/1216/POV： CRAZIEST Waterslide at ACTION Aquapark in Sunny Beach ｜ Waterpark in Bulgaria, Europe [-6gp0R2N82U].webm
485093303	/Volumes/HDD - One Touch/WEBDL/imports/videodownloadhelper/45._Russian_Girls_at_the_Beach._Wonderful_Sunny_Day_in_Russia_Sochi._Сочи_Лазаре_1azjcyv.mkv
484200982	/Volumes/HDD - One Touch/WEBDL/CAM-GIRLS/Chatroulette/Chatroulette Webcam girls feet 14.mp4
484091787	/Volumes/HDD - One Touch/WEBDL/_4KDownloader/hub/1155/DARE TO SPLASH？! FUN Waterslide Adventure at Europe’s LARGEST Water Park Aquaparadise in Nessebar [vVdMPEygiEg].webm
483686006	/Volumes/HDD - One Touch/WEBDL/imports/videodownloadhelper/72._Chelle’s_soft_soles_sweep_toy_car_shrapnel,_bare_feet_in_sandals_en68fg.mkv
481792126	/Volumes/HDD - One Touch/WEBDL/imports/videodownloadhelper/17._Gardehut_Schachtel_DIY_als_Geburtstagsgeschenk_für_meine_Freundin_1orscey.mkv
481633501	/Volumes/HDD - One Touch/WEBDL/_4KDownloader/hub/1162/DARE TO SPLASH？! EPIC Waterslide Adventure at Europe’s ACTION Water Park in Sunny Beach [qJTzvEYI7Ik].webm
480677646	/Volumes/HDD - One Touch/WEBDL/patreon/unknown/Candid feet _ Patreon/Ballet flats, polish and elegant shoes, nice  close-up. [153773452].mp4
480559502	/Volumes/HDD - One Touch/WEBDL/youtube/Scrappy Candids/Classroom _ Candid Teacher Feet in Sandals #27/Classroom ｜ Candid Teacher Feet in Sandals #27 [5MatKKvXodo].mp4
480513941	/Volumes/HDD - One Touch/WEBDL/imports/videodownloadhelper/551._Turkey_Alanya._Beach_walk._4K._Турция_Аланья._Пляж_Клеопатры._☀️🏖🇹🇷_1p0u_htdw6b.mkv
479140040	/Volumes/HDD - One Touch/WEBDL/footfetishforum/Candid Feet Hot Maturewoman With Sandals On Train/Ballet flats, polish and elegant shoes, nice  close-up. [153773452].mp4
478265153	/Volumes/HDD - One Touch/WEBDL/CAM-GIRLS/videodownloadhelper/0gumv17pk1a7vk1dj030g_source_1j7b87w.mp4
477789030	/Volumes/HDD - One Touch/WEBDL/_Keep2Share/Onlyfans - The Baby Faced Girl Agreed To Suck My Dick In The Living Room DickforJuicy (FullHD⁄1080p⁄456 MB) » Free downloadable sexual content in HD quality/554_The_Baby_Faced_Girl_Agreed_To_Suck_My_Dick_In_The_Living_Room__DickforJuicy______freesite.mp4
476108930	/Volumes/HDD - One Touch/WEBDL/youtube/ariella/dirty white socks in parking garage on a rainy day/Socks in pool and mud!.mp4
475008984	/Volumes/HDD - One Touch/WEBDL/_4KDownloader/hub/1466/POV： CRAZIEST Waterslide at Aquapark Nessebar Waterpark ｜ Tsunami Waterslide Tsunami [1vzVnNVd9Lk].webm
474898623	/Volumes/HDD - One Touch/WEBDL/youtube/Jayla and Aydah/We Tried Tik Tok shop Gadgets!!/We Tried Tik Tok shop Gadgets!!.mp4
474623505	/Volumes/HDD - One Touch/WEBDL/CAM-GIRLS/videodownloadhelper/0gu6acaejridtjtbdl8lt_source_1uxbqfo.mp4
474274909	/Volumes/HDD - One Touch/WEBDL/_4KDownloader/hub/1169/DARE TO SPLASH？! EPIC Waterslide Adventure at Europe’s ACTION Water Park in Sunny Beach [r4tBlgAUKSs].webm
473932628	/Volumes/HDD - One Touch/WEBDL/youtube/Upcycle Shoes/Upcycle Shoes_ What brand of non-slip safety shoes do waitress women wear and review condition/Upcycle Shoes： What brand of non-slip safety shoes do waitress women wear and review condition.mp4
471673231	/Volumes/HDD - One Touch/WEBDL/_Keep2Share/Keep2Share - Best 2019 sexy milf legs teen toes amar voyeur candid feet 25.mp4/1kD013IMPEG-4.mp4
471084985	/Volumes/HDD - One Touch/WEBDL/_4KDownloader/hub/1181/POV： CRAZIEST Waterslide at Aquapark Nessebar Waterpark ｜ Dragero Waterslide [cvfvp5lp5Yw].webm
470093674	/Volumes/HDD - One Touch/WEBDL/_4KDownloader/Feet girls/517. Peeling Off Long Socks After A Winter Hike.mkv
469081610	/Volumes/HDD - One Touch/WEBDL/imports/videodownloadhelper/109._light_skin_the_pose_no_audio_j9t3io.mkv
468388337	/Volumes/HDD - One Touch/WEBDL/youtube/AmusementForce/Thermas dos Laranjais in Brazil (Latin Music Video)/Thermas dos Laranjais in Brazil (Latin Music Video) [x4NLXyqMdFQ].mp4
467765466	/Volumes/HDD - One Touch/WEBDL/_Keep2Share/Webcam girls show off their alluring dignity - Page 9 - Amateur Voyeur Forum/WebCamVideos003782.mp4
467597375	/Volumes/HDD - One Touch/WEBDL/_4KDownloader/hub/1480/POV： CRAZIEST Waterslide at Aquapark Nessebar Waterpark ｜ Crazy Race Waterslide [ktBK33uY0Tw].webm
467557103	/Volumes/HDD - One Touch/WEBDL/youtube/Unseen Secrets_ Exploring Europe_s INSANE Water Park. Aquaparadise in Bulgaria. All Waterslides 1.mp4
467342831	/Volumes/HDD - One Touch/WEBDL/_4KDownloader/hub/1415/POV： CRAZIEST Waterslide at ACTION Aquapark in Sunny Beach ｜ Waterpark in Bulgaria, Europe [l_Ar4Eb14AU].webm
466840811	/Volumes/HDD - One Touch/WEBDL/_4KDownloader/Feet girls/16. ym.mkv
466073962	/Volumes/HDD - One Touch/WEBDL/Videodownloadhelper/Dream Bullies Little Lenore to Suck Her Feet Fetish Bbw Feet Lic.mkv
465193346	/Volumes/HDD - One Touch/WEBDL/_4KDownloader/Feet girls/515. The Relief Of Taking Off My Ski Boots.mkv
465011728	/Volumes/HDD - One Touch/WEBDL/_4KDownloader/Medical ASMR Archive/209. 280 - Unintentional ASMR - Assessment   Exam   Head to Toe.mkv
464926635	/Volumes/HDD - One Touch/WEBDL/_4KDownloader/hub/1342/POV： CRAZIEST Waterslide at ACTION Aquapark in Sunny Beach ｜ Waterpark in Bulgaria, Europe [_vslkKSGPKM].webm
464531456	/Volumes/HDD - One Touch/WEBDL/patreon/unknown/Candid feet _ Patreon/Sandals and heels under view on train [153844468].mp4
463860221	/Volumes/HDD - One Touch/WEBDL/youtube/Football_Skills1312/Underwater Rugby _ The Sport You Won’t Believe Exists!/Underwater Rugby ： The Sport You Won’t Believe Exists!.mp4
463682014	/Volumes/HDD - One Touch/WEBDL/youtube/Gena Vlogs/THAILAND_ NAI HARN - BEST BEACH IN PHUKET/THAILAND： NAI HARN - BEST BEACH IN PHUKET.mp4
463044316	/Volumes/HDD - One Touch/WEBDL/youtube/yougotmojo/10 Best U8 Soccer Drills _ Fun Soccer Drills by MOJO/10 Best U8 Soccer Drills ｜ Fun Soccer Drills by MOJO.mp4
462935517	/Volumes/HDD - One Touch/WEBDL/_4KDownloader/Splish Splash Adventures Clips/141. POV CRAZIEST Waterslide at Aquapark Nessebar Waterpark   King Cobra Waterslide.mkv
462634912	/Volumes/HDD - One Touch/WEBDL/footfetishforum/Candid Public Barefeet Soles/High heel strappy sandals and dangling flat sandal, close-up details. [154793083].mp4
462631436	/Volumes/HDD - One Touch/WEBDL/_4KDownloader/hub/1071/POV： CRAZIEST Waterslide at Aquapark Nessebar Waterpark ｜ King Cobra Waterslide [bghY0hFuycg].webm
461597371	/Volumes/HDD - One Touch/WEBDL/_4KDownloader/hub/1165/DARE TO SPLASH？! Epic Waterslide Adventure at Europe’s ACTION Water Park in Sunny Beach [V2QX8FW9Y2c].webm
460552612	/Volumes/HDD - One Touch/WEBDL/youtube/Benz Collector Sneek/Nieuwe V12 GEKOCHT bij RICK van STIPT POLISH POINT _ Mercedes-Benz S65 AMG/Nieuwe V12 GEKOCHT bij RICK van STIPT POLISH POINT ｜ Mercedes-Benz S65 AMG.mp4
460136851	/Volumes/HDD - One Touch/WEBDL/_Keep2Share/doA58NPeOMPEG-4/doA58NPeOMPEG-4.mp4
459588267	/Volumes/HDD - One Touch/WEBDL/_4KDownloader/hub/1160/DARE TO SPLASH？! EPIC Waterslide Adventure at Europe’s ACTION Water Park in Sunny Beach [nivnlLckGns].webm
458988444	/Volumes/HDD - One Touch/WEBDL/_4KDownloader/Feet girls/15. ym.mkv
458015117	/Volumes/HDD - One Touch/WEBDL/_4KDownloader/hub/1474/POV： CRAZIEST Waterslide at Aquapark Nessebar Waterpark ｜ Crazy Race Waterslide [nE6qyM9AcqQ].webm
457114315	/Volumes/HDD - One Touch/WEBDL/youtube/NisaSoles/Daenerys Targaryen Soles/Daenerys Targaryen Soles.mp4
456540592	/Volumes/HDD - One Touch/WEBDL/_Keep2Share/Keep2Share - Best 2019 sexy milf legs teen toes amar voyeur candid feet 25.mp4/nijcMPEG-4.mp4
456346435	/Volumes/HDD - One Touch/WEBDL/_4KDownloader/hub/1475/POV： CRAZIEST Waterslide at Aquapark Nessebar Waterpark ｜ Crazy Race Waterslide [pWPjVrZNaFo].webm
455976831	/Volumes/HDD - One Touch/WEBDL/_4KDownloader/hub/1472/POV： CRAZIEST Waterslide at Aquapark Nessebar Waterpark ｜ Tsunami Waterslide Tsunami [GpEMQSB54cw].webm
455675904	/Volumes/HDD - One Touch/WEBDL/patreon/unknown/Candid feet _ Patreon/Insane birkenstock slippers dangling, amazing feet. [154024697].mp4
455007925	/Volumes/HDD - One Touch/WEBDL/footfetishforum/Candid Feet Hot Maturewoman With Sandals On Train/Amazing high heel and accentuated arched soles under the table. [152941239].mp4
453787605	/Volumes/HDD - One Touch/WEBDL/patreon/unknown/Candid feet _ Patreon/Sandals and heels under view on train [153844468].temp.mp4
453600517	/Volumes/HDD - One Touch/WEBDL/_4KDownloader/hub/1145/DARE TO SPLASH？! FUN Waterslide Adventure at Europe’s LARGEST Water Park Aquaparadise in Nessebar [3knaqzJC3z4].webm
453509168	/Volumes/HDD - One Touch/WEBDL/tiktok/@nadinelovetayx/Nadine Coquelin (@nadinelovetayx) is LIVE - TikTok LIVE/recording_tiktok_@nadinelovetayx_Nadine Coquelin (@nadinelovetayx) is LIVE - TikTok LIVE_2026-04-17T04-07-45-739Z_raw.mp4
453465002	/Volumes/HDD - One Touch/WEBDL/footfetishforum/Candid Feet Hot Maturewoman With Sandals On Train/High heel boots ticket stomp under seat. [152556227].mp4
451440285	/Volumes/HDD - One Touch/WEBDL/imports/videodownloadhelper/Classroom_Candid_Feet_#48_1jmqa8b_1rbzc9g.mkv
450887728	/Volumes/HDD - One Touch/WEBDL/chaturbate/unknown/Little_Style's Room @ Chaturbate - Chat in a Live Adult Video Chat Room Now/recording_chaturbate_unknown_Little_Style's Room @ Chaturbate - Chat in a Live Adult Video Chat Room Now_2026-03-13T20-31-22-634Z.mp4
450245007	/Volumes/HDD - One Touch/WEBDL/footfetishforum/Candid Feet Hot Maturewoman With Sandals On Train/Sandals and heels under view on train [153844468].mp4
450059279	/Volumes/HDD - One Touch/WEBDL/_4KDownloader/hub/1486/POV： CRAZIEST Waterslide at Aquapark Nessebar Waterpark ｜ Zebra Black Hole Waterslide [QOddj7ox_TY].webm
448908408	/Volumes/HDD - One Touch/WEBDL/imports/videodownloadhelper/57._Calm_Poses_&_Detailed_Close-Ups_pqc474.mkv
448123391	/Volumes/HDD - One Touch/WEBDL/_4KDownloader/My Holiday Diary/37. Phuket Nightlife Patong Beach Bangla Walking Street.mp4
446084164	/Volumes/HDD - One Touch/WEBDL/_Keep2Share/Sexy Nudists on the Beach, Hidden Cam - Page 7 - Amateur Voyeur Forum/beachnudescvxhc112.mp4
445912851	/Volumes/HDD - One Touch/WEBDL/_4KDownloader/Feet girls/7. ASMR reading to you and showing off my feet for bedtime!!!!.mkv
445254237	/Volumes/HDD - One Touch/WEBDL/noodlemagazine/unknown/Смотри на мои киску и дрочи на ножки (sexy foot joi fetish feet toe фут фетиш sex teen porno пися ст/Смотри на мои киску и дрочи на ножки (sexy foot joi fetish feet toe фут фетиш sex t [-23602059_456239121].mp4
445217134	/Volumes/HDD - One Touch/WEBDL/footfetishforum/Candid Feet Hot Maturewoman With Sandals On Train/Insane birkenstock slippers dangling, amazing feet. [154024697].mp4
445112434	/Volumes/HDD - One Touch/WEBDL/_Keep2Share/private shooting nude beaches around the world - Page 5 - Amateur Voyeur Forum/DSCN9573.mp4
444939212	/Volumes/HDD - One Touch/WEBDL/_4KDownloader/hub/1464/POV： CRAZIEST Waterslide at Aquapark Nessebar Waterpark ｜ Tsunami Waterslide Tsunami [0tP8hxzjGD4].webm
444324000	/Volumes/HDD - One Touch/WEBDL/_4KDownloader/hub/1266/POV： CRAZIEST Waterslide at ACTION Aquapark in Sunny Beach ｜ Waterpark in Bulgaria, Europe [q5prwqq0bWI].webm
444131794	/Volumes/HDD - One Touch/WEBDL/footfetishforum/Candid Feet Hot Maturewoman With Sandals On Train/Beauty blonde with amazing high heel sandals and nylon feet. [152069094].mp4
443924703	/Volumes/HDD - One Touch/WEBDL/_4KDownloader/hub/1456/POV： CRAZIEST Waterslide at Aquapark Nessebar Waterpark ｜ Space Shuttle Waterslide [WVfWizbfXsw].mp4
443647678	/Volumes/HDD - One Touch/WEBDL/_Keep2Share/Forumophilia - PORN FORUM ; Lovely women's legs in Foot fetish video - Page 366/footfetish_freya_reign_-_big_sweaty_feet_joi_cum_count_down__humiliation.mp4
443394481	/Volumes/HDD - One Touch/WEBDL/_4KDownloader/My Holiday Diary/6. PATTAYA Walking Street THAILAND #pattayanightlife.mp4
443023408	/Volumes/HDD - One Touch/WEBDL/tiktok/@kyenta_dp/kyentaa (@kyenta_dp) is LIVE - TikTok LIVE/recording_tiktok_@kyenta_dp_kyentaa (@kyenta_dp) is LIVE - TikTok LIVE_2026-04-10T20-23-19-977Z_raw.mp4
442761264	/Volumes/HDD - One Touch/WEBDL/chaturbate/unknown/Saramist's Room @ Chaturbate - Chat in a Live Adult Video Chat Room Now/recording_chaturbate_unknown_Saramist's Room @ Chaturbate - Chat in a Live Adult Video Chat Room Now_2026-02-13T03-44-08-376Z_raw.mp4
442614566	/Volumes/HDD - One Touch/WEBDL/_4KDownloader/Medical ASMR Archive/110. 379 - Unintentional ASMR - Assessment   Exam   Head to Toe.mkv
441649870	/Volumes/HDD - One Touch/WEBDL/CAM-GIRLS/Chatroulette/Chatroulette Webcam girls feet 13.mp4
441361884	/Volumes/HDD - One Touch/WEBDL/youtube/hot girl sh_t/episode 27. how to be more present & in the moment/episode 27. how to be more present & in the moment.mp4
441349534	/Volumes/HDD - One Touch/WEBDL/imports/videodownloadhelper/67._🌸_Asian_Beauty_Relaxing_Soles_Up_in_the_Pose_🍃_1bgb9pc.mkv
441244584	/Volumes/HDD - One Touch/WEBDL/_4KDownloader/hub/717/Trois-cent-quatre-vingt-treizième entretien [dK18oKyQ_rc].webm
440171151	/Volumes/HDD - One Touch/WEBDL/_4KDownloader/hub/1315/POV： CRAZIEST Waterslide at ACTION Aquapark in Sunny Beach ｜ Waterpark in Bulgaria, Europe [GhMwN9tJ_lU].webm
440121459	/Volumes/HDD - One Touch/WEBDL/_4KDownloader/hub/1006/Shoeplay under table ｜ worn flats custom [riWxr_ZEtHc].webm
439863614	/Volumes/HDD - One Touch/WEBDL/patreon/unknown/Candid feet _ Patreon/Amazing slippers soles feet view, beauty girl sitting ona high seat out of bar. [153613001].mp4
439863614	/Volumes/HDD - One Touch/WEBDL/footfetishforum/Candid Feet Hot Maturewoman With Sandals On Train/Amazing slippers soles feet view, beauty girl sitting ona high seat out of bar. [153613001].mp4
439673116	/Volumes/HDD - One Touch/WEBDL/_4KDownloader/hub/1376/POV： CRAZIEST Waterslide at ACTION Aquapark in Sunny Beach ｜ Waterpark in Bulgaria, Europe [Nfm3BL9JBRU].webm
439124916	/Volumes/HDD - One Touch/WEBDL/_Keep2Share/Webcam girls show off their alluring dignity - Page 5 - Amateur Voyeur Forum/WebCamVideos003181.mp4
439097775	/Volumes/HDD - One Touch/WEBDL/_4KDownloader/hub/1114/POV： CRAZIEST Waterslide at Aquapark Nessebar Waterpark ｜ Dragero Waterslide [KidRIR1NGGw].webm
439078147	/Volumes/HDD - One Touch/WEBDL/CAM-GIRLS/videodownloadhelper/Sexy_Young_Nudist_Milfs_Beach_Voyeur_Hd_Video_-_zbporn_1dzu62k.mp4
438909700	/Volumes/HDD - One Touch/WEBDL/_Keep2Share/Keep2Share - Best 2019 sexy milf legs teen toes amar voyeur candid feet 25.mp4/efnIt4X.mp4
438083180	/Volumes/HDD - One Touch/WEBDL/onlyfans/peachyprime/peachyprime/Messages/Videos/0hgbeg7nmvbl0gmn0p4bs_source.mp4
437708917	/Volumes/HDD - One Touch/WEBDL/_4KDownloader/Medical ASMR Archive/203. 286 - Unintentional ASMR - Assessment   Exam   Head to Toe.mkv
437365579	/Volumes/HDD - One Touch/WEBDL/_4KDownloader/hub/1137/DARE TO SPLASH？! FUN Waterslide Adventure at Europe’s LARGEST Water Park Aquaparadise in Nessebar [hln3Wzwsb8Q].webm
437137078	/Volumes/HDD - One Touch/WEBDL/_4KDownloader/hub/1344/POV： CRAZIEST Waterslide at ACTION Aquapark in Sunny Beach ｜ Waterpark in Bulgaria, Europe [qOP5FOntTBI].webm
436388610	/Volumes/HDD - One Touch/WEBDL/imports/videodownloadhelper/32._Full_Body_Pilates_🌱_Live_Workout_+_Relaxing_Close-Ups_fxgz3w.mkv
435207360	/Volumes/HDD - One Touch/WEBDL/patreon/unknown/Candid feet _ Patreon/Beauty blonde girl with barefeet on train seat, polish red toenails, nice legs and feet. [153676484].mp4
434899648	/Volumes/HDD - One Touch/WEBDL/patreon/unknown/Candid feet _ Patreon/Amazing beauty nylon crossed legs with cute soft moccasins. [153938895].mp4
434588295	/Volumes/HDD - One Touch/WEBDL/footfetishforum/Candid Feet Hot Maturewoman With Sandals On Train/Beauty blonde girl with barefeet on train seat, polish red toenails, nice legs and feet. [153676484].mp4
434080900	/Volumes/HDD - One Touch/WEBDL/_4KDownloader/hub/26/Girls Frontline 2： Exilium - Andoris Animation & Bedroom [EbB3pOLqAGg].webm
434014885	/Volumes/HDD - One Touch/WEBDL/footfetishforum/Bff Feet With Friends Thread/Lesbian Feet Compilation [jlWZH3upwmj].mp4.part
433650660	/Volumes/HDD - One Touch/WEBDL/youtube/ariella/dirty white socks in parking garage on a rainy day/Swimming After work Best way to Relax. #relaxingswim #wethair #asmrswimming #wetclothes #wetjeans.mp4
432248507	/Volumes/HDD - One Touch/WEBDL/youtube/ariella/dirty white socks in parking garage on a rainy day/Lets Walk to The Lake & Admire the Beautiful View of Nature #lakesview #naturelover #pinaymumuk.mp4
432234908	/Volumes/HDD - One Touch/WEBDL/youtube/Arches Club/Soles Hangout, Part 4 (Endurance Hour) _ Feet Hall of Fame (56)/Soles Hangout, Part 4 (Endurance Hour) ｜ Feet Hall of Fame (56) [hOaH0iSEku8].mp4
431502487	/Volumes/HDD - One Touch/WEBDL/youtube/Pretty Feet Toes And Soles/foot reflexology and stretching @Bellasyourgod/35 minute hatha yoga class🧘🏻‍♀️💪🏼🪷.mp4
430469410	/Volumes/HDD - One Touch/WEBDL/footfetishforum/Candid Feet Hot Maturewoman With Sandals On Train/Two beauty women with flat sandals, amazing heel. [152945812].mp4
430451414	/Volumes/HDD - One Touch/WEBDL/youtube/SuperStarberst/The Flight Attendant From Heaven/TAG： AMIGAS! - No Meu Lugar (com Patrícia Eicke).mp4
430451414	/Volumes/HDD - One Touch/WEBDL/youtube/NJ Silk/White Girl Soles in the Library/TAG： AMIGAS! - No Meu Lugar (com Patrícia Eicke).mp4
430216709	/Volumes/HDD - One Touch/WEBDL/youtube/SP Vault 2/Catchemallcandids Candid Blonde Black Socks Shoeplaying and out of Forces/Catchemallcandids Candid Blonde Black Socks Shoeplaying and out of Forces.mp4
429921341	/Volumes/HDD - One Touch/WEBDL/youtube/Upcycle Shoes/Upcycle Shoes_ Shoe Shopping VLOG with Niki at the mall Part 1/Upcycle Shoes： Shoe Shopping VLOG with Niki at the mall Part 1.mp4
429621118	/Volumes/HDD - One Touch/WEBDL/imports/videodownloadhelper/110._cozy_room_the_in_pose_relaxation_6szbrs.mkv
429376184	/Volumes/HDD - One Touch/WEBDL/youtube/ariella/dirty white socks in parking garage on a rainy day/Bubble bath time in my new DC High Top and Jeans 👖🌊 Wet shoeplay and no socks at the end 👍.mp4
428841941	/Volumes/HDD - One Touch/WEBDL/_4KDownloader/hub/1147/DARE TO SPLASH？! FUN Waterslide Adventure at Europe’s LARGEST Water Park Aquaparadise in Nessebar [ZtOAlRPPvTA].webm
427843623	/Volumes/HDD - One Touch/WEBDL/_Keep2Share/Intimate Moments with ATKGirlfriends_ A Captivating Adult Compilation/Intimate Moments with ATKGirlfriends_ A Captivating Adult Compilation.mp4
427394921	/Volumes/HDD - One Touch/WEBDL/youtube/MiniminterCollects/I Opened _BRAND NEW_ $2000 _TOPPS NBA MIDNIGHT_ Boxes!/I Opened ＊BRAND NEW＊ $2000 ＊TOPPS NBA MIDNIGHT＊ Boxes!.mp4
426880129	/Volumes/HDD - One Touch/WEBDL/youtube/Heimatverein D'Burgstoana/Cold Water Challenge 2014 Heimatverein D'Burgstoana Eben im Pongau/Black River High School Sports Day 2014 The MOVIE.mp4
424943234	/Volumes/HDD - One Touch/WEBDL/_4KDownloader/hub/1150/DARE TO SPLASH？! FUN Waterslide Adventure at Europe’s LARGEST Water Park Aquaparadise in Nessebar [bxqdc-qKXfQ].webm
424780950	/Volumes/HDD - One Touch/WEBDL/footfetishforum/Candid Feet Hot Maturewoman With Sandals On Train/Amazing beauty nylon crossed legs with cute soft moccasins. [153938895].mp4
424780950	/Volumes/HDD - One Touch/WEBDL/patreon/unknown/Candid feet _ Patreon/Amazing beauty nylon crossed legs with cute soft moccasins. [153938895].temp.mp4
423811631	/Volumes/HDD - One Touch/WEBDL/_4KDownloader/hub/1085/POV： CRAZIEST Waterslide at Aquapark Nessebar Waterpark ｜ Crazy Race Waterslide [XPosGAYaSLM].webm
423466535	/Volumes/HDD - One Touch/WEBDL/youtube/ariella/dirty white socks in parking garage on a rainy day/Inna in a scarf #wet #wetlook.mp4
423121725	/Volumes/HDD - One Touch/WEBDL/footfetishforum/Candid Feet Hot Maturewoman With Sandals On Train/Sandals and heels close-up. [152816158].mp4
422549928	/Volumes/HDD - One Touch/WEBDL/youtube/Chelle's Feet/Elevated Perch_ Topping a Barstool in thong sandals/Xero Shoes DIY Sandal Kit Review [wbC_ImmtJDs].mp4
422248676	/Volumes/HDD - One Touch/WEBDL/imports/videodownloadhelper/117._Tamanco_Mariotta_Gesi_Tira_de_Dedo_-_1933007_shtrn0.mkv
422165363	/Volumes/HDD - One Touch/WEBDL/imports/videodownloadhelper/80._SabrinaCan'tGoTease2_dun0zn.mkv
421964208	/Volumes/HDD - One Touch/WEBDL/CAM-GIRLS/videodownloadhelper/pantyhose10219_1pb7evt.mp4
421873208	/Volumes/HDD - One Touch/WEBDL/tiktok/@k4t3gg_2nd/K4T3GG🥚_2nd (@k4t3gg_2nd) is LIVE - TikTok LIVE/recording_tiktok_@k4t3gg_2nd_K4T3GG🥚_2nd (@k4t3gg_2nd) is LIVE - TikTok LIVE_2026-03-28T20-43-58-870Z_raw.mp4
420975690	/Volumes/HDD - One Touch/WEBDL/footfetishforum/thread_13373/Cam Girls Feet Content _ Foot Fetish Forum - The Feet Lover Community/JZA8m2eW [JZA8m2eW].mp4
420286869	/Volumes/HDD - One Touch/WEBDL/_4KDownloader/hub/1485/POV： CRAZIEST Waterslide at Aquapark Nessebar Waterpark ｜ Zebra Black Hole Waterslide [MMRwSlOPars].webm
420219743	/Volumes/HDD - One Touch/WEBDL/_4KDownloader/hub/1379/POV： CRAZIEST Waterslide at ACTION Aquapark in Sunny Beach ｜ Waterpark in Bulgaria, Europe [bmC5VkLENjE].webm
420110449	/Volumes/HDD - One Touch/WEBDL/_4KDownloader/hub/1307/POV： CRAZIEST Waterslide at ACTION Aquapark in Sunny Beach ｜ Waterpark in Bulgaria, Europe [bkjAZSo0V5k].webm
419091949	/Volumes/HDD - One Touch/WEBDL/footfetishforum/Candid Public Barefeet Soles/Amazing baresoles view, how a portrait. [154791303].mp4
418765350	/Volumes/HDD - One Touch/WEBDL/_4KDownloader/Feet girls/378. Rare bladeefan4.mkv
417953434	/Volumes/HDD - One Touch/WEBDL/imports/videodownloadhelper/79._Chill_live_in_the_pose_red_head_9qb6oy.mkv
417469653	/Volumes/HDD - One Touch/WEBDL/footfetishforum/Candid Feet Hot Maturewoman With Sandals On Train/Sandal heels, beauty girl in love. [153849165].mp4
417469653	/Volumes/HDD - One Touch/WEBDL/patreon/unknown/Candid feet _ Patreon/Sandal heels, beauty girl in love. [153849165].mp4
417152268	/Volumes/HDD - One Touch/WEBDL/youtube/Aksenova Tights/New Friend 💕 Skirts & Black 15DEN Pantyhose Try-On/New Friend 💕 Skirts & Black 15DEN Pantyhose Try-On [M57NnH-6wsQ].mp4
415284856	/Volumes/HDD - One Touch/WEBDL/patreon/unknown/Candid feet _ Patreon/Slippers dangling, pretty woman's feet [153266868].mp4
415145025	/Volumes/HDD - One Touch/WEBDL/youtube/k5n3two/Ed Sheeran's Perfect Piano cover Pedal Request/John Cena Legacy Titantron - The Time Is Now.mp4
415050762	/Volumes/HDD - One Touch/WEBDL/_Keep2Share/Beautiful Chicks and their Delicious Pussy front of Webcam - Page 1378/Innocent Church Girl - Pink Dildo Deep Anal Pussy Ride Solo Webcam.mp4
415029070	/Volumes/HDD - One Touch/WEBDL/_Keep2Share/Webcam girls show off their alluring dignity - Page 9 - Amateur Voyeur Forum/WebCamVideos004003.mp4
414911475	/Volumes/HDD - One Touch/WEBDL/youtube/ariella/dirty white socks in parking garage on a rainy day/Swimming with Clothes in hot Day. #wetclothes #wetjeans #wethair #wetlonghair #swimmingwithclothes.mp4
414620622	/Volumes/HDD - One Touch/WEBDL/youtube/OmeFeet/Omegle Fee(t) Part 7/Omegle Fee(t) Part 7 [K7GLQNNfqhA].mp4
414577304	/Volumes/HDD - One Touch/WEBDL/_4KDownloader/hub/1473/POV： CRAZIEST Waterslide at Aquapark Nessebar Waterpark ｜ Crazy Race Waterslide [NHZgw3rDvKM].webm
414517353	/Volumes/HDD - One Touch/WEBDL/_4KDownloader/hub/1382/POV： CRAZIEST Waterslide at ACTION Aquapark in Sunny Beach ｜ Waterpark in Bulgaria, Europe [Jt9_3phItSk].webm
413709167	/Volumes/HDD - One Touch/WEBDL/_Keep2Share/Keep2Share - Best 2019 sexy milf legs teen toes amar voyeur candid feet 25.mp4/download1x1RpMPEG-4.mp4
413051436	/Volumes/HDD - One Touch/WEBDL/youtube/k5n3two/Ed Sheeran's Perfect Piano cover Pedal Request/＂Весна＂. Эстрадный танец. Возраст 9-10..mp4
411537568	/Volumes/HDD - One Touch/WEBDL/_4KDownloader/Feet girls/336. Freeing My Feet From These Stiletto Heels At Last.mkv
411183098	/Volumes/HDD - One Touch/WEBDL/_4KDownloader/hub/1010/Sweaty feet and worn flats shoeplay [dnlLRZzY-Ko].webm
410200522	/Volumes/HDD - One Touch/WEBDL/_4KDownloader/hub/1317/POV： CRAZIEST Waterslide at ACTION Aquapark in Sunny Beach ｜ Waterpark in Bulgaria, Europe [78YVcMdDj7M].webm
410076835	/Volumes/HDD - One Touch/WEBDL/_4KDownloader/Medical ASMR Archive/124. 365 - Unintentional ASMR - Assessment   Exam   Head to Toe.mkv
409881880	/Volumes/HDD - One Touch/WEBDL/imports/videodownloadhelper/173._Relaxing_Soles_Close-Up_--_Gentle_Foot_Scrunch_ii1k8g.mkv
409525194	/Volumes/HDD - One Touch/WEBDL/youtube/ariella/dirty white socks in parking garage on a rainy day/WL69 Kris with a dog in the sea.mp4
409468976	/Volumes/HDD - One Touch/WEBDL/chaturbate/unknown/Faseremx's Room @ Chaturbate - Chat in a Live Adult Video Chat Room Now/recording_chaturbate_unknown_Faseremx's Room @ Chaturbate - Chat in a Live Adult Video Chat Room Now_2026-03-22T01-43-38-899Z_raw.mp4
409289620	/Volumes/HDD - One Touch/WEBDL/patreon/unknown/Candid feet _ Patreon/Amazing elegant high heel sandals. [153617334].mp4
409289620	/Volumes/HDD - One Touch/WEBDL/footfetishforum/Candid Feet Hot Maturewoman With Sandals On Train/Amazing elegant high heel sandals. [153617334].mp4
408997887	/Volumes/HDD - One Touch/WEBDL/xvideos/unknown/Natural 18yr old Teen Pickup and POV Defloration Sex/Natural 18yr old Teen Pickup and POV Defloration Sex [kbimbuhce6c].mp4
408646108	/Volumes/HDD - One Touch/WEBDL/footfetishforum/Bff Feet With Friends Thread/Amateur Lesbian Feet Compilation [SUFFXdFiH3b].mp4.part
408548369	/Volumes/HDD - One Touch/WEBDL/imports/videodownloadhelper/21._NEW_WOODEN_131iu7b.mkv
408507824	/Volumes/HDD - One Touch/WEBDL/_4KDownloader/Medical ASMR Archive/232. 257 - Unintentional ASMR - Assessment   Exam   Head to Toe.mkv
407871457	/Volumes/HDD - One Touch/WEBDL/_4KDownloader/Feet girls/501. 私には絶対メンバーシップが必要って改めて思った😑 I thought again that I absolutely need a membership.mkv
407079117	/Volumes/HDD - One Touch/WEBDL/youtube/FEET GR/Perla Vatiero/Facedown Foot Massage ＊Mandy＊ [ASMR] [NSRrDisT4T0].mp4
406961940	/Volumes/HDD - One Touch/WEBDL/_Keep2Share/Keep2Share - Anya Zenkova - Kitchen.mp4/downloadYlcMPEG-4.mp4
406937131	/Volumes/HDD - One Touch/WEBDL/_4KDownloader/hub/1333/POV： CRAZIEST Waterslide at ACTION Aquapark in Sunny Beach ｜ Waterpark in Bulgaria, Europe [Uzy18hSooTw].webm
406588866	/Volumes/HDD - One Touch/WEBDL/_4KDownloader/hub/1256/POV： CRAZIEST Waterslide at ACTION Aquapark in Sunny Beach ｜ Waterpark in Bulgaria, Europe [nFRcitqMcSk].webm
406391868	/Volumes/HDD - One Touch/WEBDL/_4KDownloader/hub/1265/POV： CRAZIEST Waterslide at ACTION Aquapark in Sunny Beach ｜ Waterpark in Bulgaria, Europe [5wWbOm1UxfA].webm
406182899	/Volumes/HDD - One Touch/WEBDL/_4KDownloader/hub/1195/POV： CRAZIEST Waterslide at ACTION Aquapark in Sunny Beach ｜ Waterpark in Bulgaria, Europe [NbOGDyVEiVQ].webm
405625710	/Volumes/HDD - One Touch/WEBDL/patreon/unknown/Candid feet _ Patreon/Slippers dangling, pretty woman's feet [153266868].temp.mp4
405625710	/Volumes/HDD - One Touch/WEBDL/patreon/unknown/Candid feet _ Patreon/Slippers dangling, pretty woman's feet [153266868] [#62320].mp4
405625710	/Volumes/HDD - One Touch/WEBDL/footfetishforum/Candid Feet Hot Maturewoman With Sandals On Train/Slippers dangling, pretty woman's feet [153266868].mp4
404852761	/Volumes/HDD - One Touch/WEBDL/_4KDownloader/hub/1386/POV： CRAZIEST Waterslide at ACTION Aquapark in Sunny Beach ｜ Waterpark in Bulgaria, Europe [zkOpqeMpdRw].webm
404423121	/Volumes/HDD - One Touch/WEBDL/_4KDownloader/Feet girls/443. ASMR   Personal Attention in the Pose   Triggers for Sleep and Relaxation.mkv
404242137	/Volumes/HDD - One Touch/WEBDL/_4KDownloader/hub/1483/POV： CRAZIEST Waterslide at Aquapark Nessebar Waterpark ｜ Crazy Race Waterslide [bwabA1a5WEE].webm
404062444	/Volumes/HDD - One Touch/WEBDL/youtube/Progetto Multidisciplinare (Dr. Marco Tomaselli)/Manual Therapy for Neck & Back Tension _ Spinal Alignment & Leg Length Correction + Pain Relief/Manual Therapy for Neck & Back Tension ｜ Spinal Alignment & Leg Length Correction + Pain Relief [cPWJIKAuWJY].mp4
402893838	/Volumes/HDD - One Touch/WEBDL/_4KDownloader/hub/1287/POV： CRAZIEST Waterslide at ACTION Aquapark in Sunny Beach ｜ Waterpark in Bulgaria, Europe [QYV9scWbXFU].webm
400315511	/Volumes/HDD - One Touch/WEBDL/onlyfans/milaclark7/milaclark7/Streams/Videos/zxJah4TGnCb43p29FwXghlpcDCsypbDC_source.mp4
399825205	/Volumes/HDD - One Touch/WEBDL/_Keep2Share/Sexy Nudists on the Beach, Hidden Cam - Page 10 - Amateur Voyeur Forum/beachnudescvxhc152.mp4
399126398	/Volumes/HDD - One Touch/WEBDL/imports/videodownloadhelper/119._Spanish_Lady_Talking_&_Feet_Up_😌🦶_yr6e8v.mkv
398579824	/Volumes/HDD - One Touch/WEBDL/Videodownloadhelper/Petite Latina - Flip Flop Tease - Cum Countdown Amateur Xhamster.mkv
398323171	/Volumes/HDD - One Touch/WEBDL/_4KDownloader/hub/1105/POV： CRAZIEST Waterslide at Aquapark Nessebar Waterpark ｜ Zebra Black Hole Waterslide [Uc9phmFlqyA].webm
398321051	/Volumes/HDD - One Touch/WEBDL/webdl-server.log
397915089	/Volumes/HDD - One Touch/WEBDL/youtube/Sabrina Carpenter/Sabrina Carpenter - Manchild (Official Video)/Sabrina Carpenter - Manchild (Official Video).mp4
397740450	/Volumes/HDD - One Touch/WEBDL/youtube/ariella/dirty white socks in parking garage on a rainy day/Wetlook in 80s Fashion Style!  #Wetlook #Wetclothes #Boots #Jane.mp4
396840700	/Volumes/HDD - One Touch/WEBDL/_4KDownloader/Medical ASMR Archive/67. 422 - Unintentional ASMR - Assessment   Exam   Head to Toe.mkv
396102120	/Volumes/HDD - One Touch/WEBDL/imports/videodownloadhelper/128._MINHA_SANDÁLIA_NOVA_🩴_be6z77.mkv
395737666	/Volumes/HDD - One Touch/WEBDL/_4KDownloader/hub/1336/POV： CRAZIEST Waterslide at ACTION Aquapark in Sunny Beach ｜ Waterpark in Bulgaria, Europe [mRg6pm3jdvU].webm
395637498	/Volumes/HDD - One Touch/WEBDL/footfetishforum/Candid Feet Hot Maturewoman With Sandals On Train/Amazing dirty riding boots, big feet 40 EU size. [152075136].mp4
394795780	/Volumes/HDD - One Touch/WEBDL/CAM-GIRLS/Chatroulette/Chatroulette Webcam girls feet 3.mp4
394582334	/Volumes/HDD - One Touch/WEBDL/_4KDownloader/hub/1437/POV： CRAZIEST Waterslide at ACTION Aquapark in Sunny Beach ｜ Waterpark in Bulgaria, Europe [_eaXs6DWLSU].webm
393878027	/Volumes/HDD - One Touch/WEBDL/youtube/FEET GR/Perla Vatiero/Foot Massage ＊Hailey＊ [ASMR] [lIjT_GjEMDM].mp4
393859879	/Volumes/HDD - One Touch/WEBDL/_4KDownloader/hub/1362/POV： CRAZIEST Waterslide at ACTION Aquapark in Sunny Beach ｜ Waterpark in Bulgaria, Europe [bEuC5qgt2cA].webm
393350815	/Volumes/HDD - One Touch/WEBDL/youtube/Chilluminati/Eating rare snacks/Eating rare snacks.mp4
393175383	/Volumes/HDD - One Touch/WEBDL/_4KDownloader/hub/1259/POV： CRAZIEST Waterslide at ACTION Aquapark in Sunny Beach ｜ Waterpark in Bulgaria, Europe [8M1Rya6K9xE].webm
393145087	/Volumes/HDD - One Touch/WEBDL/MEGA/WX3GKgkR_1080p.mp4
392364567	/Volumes/HDD - One Touch/WEBDL/zishy/unknown/ileana_burgos_8minz/ileana_burgos_8minz.mp4
390175255	/Volumes/HDD - One Touch/WEBDL/footfetishforum/Candid Public Barefeet Soles/High heel strappy sandals and dangling flat sandal, close-up details. [154793083].temp.mp4
389680871	/Volumes/HDD - One Touch/WEBDL/_4KDownloader/hub/1339/POV： CRAZIEST Waterslide at ACTION Aquapark in Sunny Beach ｜ Waterpark in Bulgaria, Europe [qpyylyNFosE].webm
389610925	/Volumes/HDD - One Touch/WEBDL/imports/videodownloadhelper/Riddy_-_riddy1_bonus_4k_cudwbs_19cqowr.mp4
389501979	/Volumes/HDD - One Touch/WEBDL/_Keep2Share/Webcam girls show off their alluring dignity - Page 8 - Amateur Voyeur Forum/WebCamVideos003839.mp4
388805792	/Volumes/HDD - One Touch/WEBDL/_4KDownloader/hub/1087/POV： CRAZIEST Waterslide at Aquapark Nessebar Waterpark ｜ Surfing [5ZZ_6x2wb0E].webm
387616944	/Volumes/HDD - One Touch/WEBDL/_4KDownloader/Feet girls/335. Peeling Off Sticky Socks In Humid Weather.mkv
387210325	/Volumes/HDD - One Touch/WEBDL/_4KDownloader/hub/1261/POV： CRAZIEST Waterslide at ACTION Aquapark in Sunny Beach ｜ Waterpark in Bulgaria, Europe [y9grWdxMEoI].webm
387186736	/Volumes/HDD - One Touch/WEBDL/tiktok/@kyenta_dp/kyentaa (@kyenta_dp) is LIVE - TikTok LIVE/recording_tiktok_@kyenta_dp_kyentaa (@kyenta_dp) is LIVE - TikTok LIVE_2026-04-10T20-34-40-436Z_raw.mp4
385839919	/Volumes/HDD - One Touch/WEBDL/youtube/VitFeet/Smelly feet 3/Soleful Discussions Part 156 [3kG8DGH_Vpk].mp4
385839919	/Volumes/HDD - One Touch/WEBDL/youtube/FeetTopicVideos/Gorgeous blonde sweaty feet/Soleful Discussions Part 156 [3kG8DGH_Vpk].mp4
384642327	/Volumes/HDD - One Touch/WEBDL/_Keep2Share/Keep2Share - Best 2019 sexy milf legs teen toes amar voyeur candid feet 25.mp4/downloadOMAGmKyMPEG-4.mp4
384626290	/Volumes/HDD - One Touch/WEBDL/imports/videodownloadhelper/125._Chelle's_Morning_Ritual_Tommy_Jeans,_Gizelles,_and_Barefoot_Stretching_ASMR_1vaqrdb.mkv
382835156	/Volumes/HDD - One Touch/WEBDL/patreon/unknown/Candid feet _ Patreon/Fashion boots and beauty woman on train. [153941573].mp4
382099588	/Volumes/HDD - One Touch/WEBDL/_4KDownloader/hub/1154/DARE TO SPLASH？! FUN Waterslide Adventure at Europe’s LARGEST Water Park Aquaparadise in Nessebar [PBY3UyGY6N4].webm
381562595	/Volumes/HDD - One Touch/WEBDL/youtube/FeetArea/TikTok Live Feet/TikTok Live Feet [C_x5cnhlaEE].mp4
381423547	/Volumes/HDD - One Touch/WEBDL/_4KDownloader/Feet girls/c9ef-6a0b-e622-66bb.part
381345331	/Volumes/HDD - One Touch/WEBDL/_Keep2Share/Webcam girls show off their alluring dignity - Page 3 - Amateur Voyeur Forum/WebCamVideos002764.mp4
381345291	/Volumes/HDD - One Touch/WEBDL/_Keep2Share/Webcam girls show off their alluring dignity - Page 6 - Amateur Voyeur Forum/WebCamVideos003917.mp4
381198321	/Volumes/HDD - One Touch/WEBDL/_4KDownloader/Medical ASMR Archive/486. 498 - Unintentional ASMR - Assessment   Exam   Head to Toe.mkv
381181394	/Volumes/HDD - One Touch/WEBDL/_Keep2Share/Webcam girls show off their alluring dignity - Page 5 - Amateur Voyeur Forum/WebCamVideos003330.mp4
381102900	/Volumes/HDD - One Touch/WEBDL/youtube/Skye and Riley’s Funtime/Doing gymnastic tricks!!!/Doing gymnastic tricks!!!.mp4
380241321	/Volumes/HDD - One Touch/WEBDL/_4KDownloader/Medical ASMR Archive/123. 366 - Unintentional ASMR - Assessment   Exam   Head to Toe.mkv
378875679	/Volumes/HDD - One Touch/WEBDL/_4KDownloader/hub/1308/POV： CRAZIEST Waterslide at ACTION Aquapark in Sunny Beach ｜ Waterpark in Bulgaria, Europe [6ZW03B0kE0I].webm
378789192	/Volumes/HDD - One Touch/WEBDL/CAM-GIRLS/Chatroulette/Chatroulette Webcam girls feet 7.mp4
378736883	/Volumes/HDD - One Touch/WEBDL/footfetishforum/Candid Feet Hot Maturewoman With Sandals On Train/Fashion boots and beauty woman on train. [153941573].mp4
378434917	/Volumes/HDD - One Touch/WEBDL/footfetishforum/Candid Feet Hot Maturewoman With Sandals On Train/Amazing feet in high heel sandals, crossed legs. [151958622].mp4
378349874	/Volumes/HDD - One Touch/WEBDL/youtube/Upcycle Shoes/Upcycle Shoes_ Eliza's work shoes....all of them throughout the years./Upcycle Shoes：  Eliza's work shoes....all of them throughout the years..mp4
376434838	/Volumes/HDD - One Touch/WEBDL/_4KDownloader/Reflexologist/45. reflexology interview.mkv
376434808	/Volumes/HDD - One Touch/WEBDL/_4KDownloader/Reflexologist/42. At home + at beach reflexology.mkv
376379762	/Volumes/HDD - One Touch/WEBDL/youtube/Scouting Soleful Stories/3rd Public Foot Massage _ Public Feet Interview _ Scouting Soleful Stories/3rd Public Foot Massage ｜ Public Feet Interview  ｜  Scouting Soleful Stories.mov
376105122	/Volumes/HDD - One Touch/WEBDL/CAM-GIRLS/Chatroulette/Chatroulette Webcam girls feet 16.mp4
375950131	/Volumes/HDD - One Touch/WEBDL/youtube/Souls4Soles/Vibe with me, while im in the pose feet and soles TIK TOK LIVE Like and comment!/Vibe with me, while im in the pose feet and soles    TIK TOK LIVE Like and comment!.mp4
374185048	/Volumes/HDD - One Touch/WEBDL/patreon/unknown/Candid feet _ Patreon/Dirty feet soles with slippers, back view, crossed ankles. [153124398].mp4
374185048	/Volumes/HDD - One Touch/WEBDL/patreon/unknown/Candid feet _ Patreon/Dirty feet soles with slippers, back view, crossed ankles. [153124398] [#62320].mp4
374170560	/Volumes/HDD - One Touch/WEBDL/imports/videodownloadhelper/134._Gummy_Bears_Stuck_in_My_Wedge_Sandals_Preview_f2k4sf.mkv
372908837	/Volumes/HDD - One Touch/WEBDL/footfetishforum/Candid Feet Hot Maturewoman With Sandals On Train/Tourist lady's barefeet and leg statching at the park. [152489647].mp4
372440141	/Volumes/HDD - One Touch/WEBDL/_4KDownloader/hub/1484/POV： CRAZIEST Waterslide at Aquapark Nessebar Waterpark ｜ Zebra Black Hole Waterslide [A55EF18dUm4].webm
372271485	/Volumes/HDD - One Touch/WEBDL/youtube/k5n3two/Ed Sheeran's Perfect Piano cover Pedal Request/Гимнастический танец «УХ-ТЫ» - Выступление на благотворительном концерте для детей сирот..mp4
370388828	/Volumes/HDD - One Touch/WEBDL/_4KDownloader/hub/1441/POV： CRAZIEST Waterslide at Aquapark Nessebar Waterpark ｜ Dragero Waterslide [zXGBEjaCKos].webm
370267678	/Volumes/HDD - One Touch/WEBDL/_Keep2Share/Forumophilia - PORN FORUM ; Lovely women's legs in Foot fetish video - Page 365/footfetish_shoejob_blowjob_and_fuck_a_schoolgirl_in_the_forest.mp4
370074059	/Volumes/HDD - One Touch/WEBDL/_4KDownloader/hub/1199/POV： CRAZIEST Waterslide at ACTION Aquapark in Sunny Beach ｜ Waterpark in Bulgaria, Europe [6qnS0LI1G0Q].webm
368755394	/Volumes/HDD - One Touch/WEBDL/youtube/Heimatverein D'Burgstoana/Cold Water Challenge 2014 Heimatverein D'Burgstoana Eben im Pongau/Best Friend Tag!!!!!!! Abby and Taya,,Season 1 episode 1.f137.mp4
368645425	/Volumes/HDD - One Touch/WEBDL/imports/videodownloadhelper/32._Try_On_Test_👖_Welche_ist_die_BESTE_SKINNY_JEANS❓_nzr3bi.mkv
367909159	/Volumes/HDD - One Touch/WEBDL/_4KDownloader/Medical ASMR Archive/189. 300 - Unintentional ASMR - Assessment   Exam   Head to Toe.mkv
366837321	/Volumes/HDD - One Touch/WEBDL/_4KDownloader/hub/1123/DARE TO SPLASH？! FUN Waterslide Adventure at World's LARGEST Water Park Aquaventure in Dubai [k5YxQHVkmLs].webm
366406959	/Volumes/HDD - One Touch/WEBDL/_4KDownloader/hub/1257/POV： CRAZIEST Waterslide at ACTION Aquapark in Sunny Beach ｜ Waterpark in Bulgaria, Europe [j0Vo42Nk_8Y].webm
365944068	/Volumes/HDD - One Touch/WEBDL/_4KDownloader/Medical ASMR Archive/223. 266 - Unintentional ASMR - Assessment   Exam   Head to Toe.mkv
365663820	/Volumes/HDD - One Touch/WEBDL/footfetishforum/Candid Feet Hot Maturewoman With Sandals On Train/Dirty feet soles with slippers, back view, crossed ankles. [153124398].mp4
365663820	/Volumes/HDD - One Touch/WEBDL/patreon/unknown/Candid feet _ Patreon/Dirty feet soles with slippers, back view, crossed ankles. [153124398] [#62320].temp.mp4
364756740	/Volumes/HDD - One Touch/WEBDL/_4KDownloader/hub/1442/POV： CRAZIEST Waterslide at Aquapark Nessebar Waterpark ｜ Dragero Waterslide [WIrx88lLEjE].webm
364707571	/Volumes/HDD - One Touch/WEBDL/_Keep2Share/Keep2Share - Best 2019 sexy milf legs teen toes amar voyeur candid feet 25.mp4/Foot cleaning Samiras First Domination BRAZIL FEET (Lesbian girls).mp4
364541516	/Volumes/HDD - One Touch/WEBDL/youtube/The Athlete Medic/Swimming with Izzy Unedited/Swimming with Izzy Unedited.mp4
364334636	/Volumes/HDD - One Touch/WEBDL/imports/videodownloadhelper/100._in_the_Pose_–_Soft-Spoken_&_Relaxing_🌙🦶_dcq0z9.mkv
364215987	/Volumes/HDD - One Touch/WEBDL/youtube/Arches Club/Soles Hangout, Part 4 (Endurance Hour) _ Feet Hall of Fame (56)/Soles Hangout, Part 4 (Endurance Hour) ｜ Feet Hall of Fame (56) [hOaH0iSEku8].f136.mp4
364036613	/Volumes/HDD - One Touch/WEBDL/_4KDownloader/Medical ASMR Archive/224. 265 - Unintentional ASMR - Assessment   Exam   Head to Toe.mkv
363231656	/Volumes/HDD - One Touch/WEBDL/youtube/HOT N COLD/ICE HOLE BATHING #11 _ COLD WATER _ SWIMMING WINTER _ EPIPHANY BAPTISM 2025/ICE HOLE BATHING #11 ｜ COLD WATER ｜ SWIMMING WINTER ｜ EPIPHANY BAPTISM 2025.mp4
362513456	/Volumes/HDD - One Touch/WEBDL/youtube/bombo/TWO PERSON YOGA CHALLENGE!!! #yoga #twins #viral #challenge #bsfs/TWO PERSON YOGA CHALLENGE!!! #yoga #twins #viral #challenge #bsfs.mp4
361648392	/Volumes/HDD - One Touch/WEBDL/youtube/ariella/dirty white socks in parking garage on a rainy day/Blue jacket, leggings, orange socks and crocs.mp4
360401019	/Volumes/HDD - One Touch/WEBDL/footfetishforum/Candid Feet Hot Maturewoman With Sandals On Train/Candid beauty woman's feet in sandals [152978197].mp4
359539288	/Volumes/HDD - One Touch/WEBDL/_4KDownloader/hub/1443/POV： CRAZIEST Waterslide at Aquapark Nessebar Waterpark ｜ Dragero Waterslide [za3elh-_y2M].webm
359170152	/Volumes/HDD - One Touch/WEBDL/imports/videodownloadhelper/31._VITAMIN_WELL_YOGA_CHALLENGE_1m2b1ds.mkv
359147111	/Volumes/HDD - One Touch/WEBDL/imports/videodownloadhelper/55._Batumi_Georgia_Beach_Guide._Батуми_Пляжный_Гайд_🌞🏖_mvqss0_y6d3o.mkv
358578213	/Volumes/HDD - One Touch/WEBDL/_4KDownloader/hub/1081/POV： CRAZIEST Waterslide at Aquapark Nessebar Waterpark ｜ Dragero Waterslide [VhkTmC7YY3M].webm
358217460	/Volumes/HDD - One Touch/WEBDL/youtube/k5n3two/Ed Sheeran's Perfect Piano cover Pedal Request/Majorettes Shock Hajnówka- MINI BATON - Kędzierzyn Koźle 2024.mp4
357932311	/Volumes/HDD - One Touch/WEBDL/CAM-GIRLS/videodownloadhelper/13793561-720p_qzitw3.mp4
357904385	/Volumes/HDD - One Touch/WEBDL/CAM-GIRLS/videodownloadhelper/pantyhose10777_x87wv2.mp4
357885922	/Volumes/HDD - One Touch/WEBDL/_4KDownloader/hub/1453/POV： CRAZIEST Waterslide at Aquapark Nessebar Waterpark ｜ Giant Slalom Waterslide [2xGq-ryVMvA].webm
357619539	/Volumes/HDD - One Touch/WEBDL/_Keep2Share/Keep2Share - Best 2019 sexy milf legs teen toes amar voyeur candid feet 25.mp4/downloadqNOU.mp4
356230157	/Volumes/HDD - One Touch/WEBDL/other/Идеи для вечерних причесок/Tickle Episode 9_ Krista tickled by her sister Erin! Buried in the Sand _ Beach family feet Ticklin/Tickle Episode 9： Krista tickled by her sister Erin! Buried in the Sand ｜ Beach family feet Ticklin.mp4
355453547	/Volumes/HDD - One Touch/WEBDL/_Keep2Share/Keep2Share - Best 2019 sexy milf legs teen toes amar voyeur candid feet 25.mp4/ey8MPEG-4.mp4
355365288	/Volumes/HDD - One Touch/WEBDL/youtube/Rida Poner/teen boot soles foot joi/I Played Pickleball Barefoot!.mp4
355278820	/Volumes/HDD - One Touch/WEBDL/youtube/Wet & Wild Slides/😲 HOTTEST DAY IN WATERPARK 🔥 4K Siam Park Tenerife Aquapark 2024/😲 HOTTEST DAY IN WATERPARK 🔥 4K Siam Park Tenerife Aquapark 2024.mp4
355052444	/Volumes/HDD - One Touch/WEBDL/youtube/3×8 Women's Diving&ArtisticSwimming TV/Women's Diving _ 3x8TV's Italiano Open Torino 3m Highlights _ #diving #tuffi/Women's Diving ｜ [Part1] Young and beautiful Spanish divers ｜ 3x8 TV's Selection  #diving [mhzNUVTjTWs].mp4
355052444	/Volumes/HDD - One Touch/WEBDL/youtube/3×8 Women's Diving&ArtisticSwimming TV/Women's Diving _ Armstand Dive (Handstand Dive​)｜ 3x8 TV's Selection #diving/Women's Diving ｜ [Part1] Young and beautiful Spanish divers ｜ 3x8 TV's Selection  #diving [mhzNUVTjTWs].mp4
355052444	/Volumes/HDD - One Touch/WEBDL/youtube/3×8 Women's Diving&ArtisticSwimming TV/Women's Diving _ [Part2] Young and beautiful German divers ｜ 3x8 TV's Selection #diving/Women's Diving ｜ [Part1] Young and beautiful Spanish divers ｜ 3x8 TV's Selection  #diving [mhzNUVTjTWs].mp4
355052444	/Volumes/HDD - One Touch/WEBDL/youtube/3×8 Women's Diving&ArtisticSwimming TV/Women's Diving _ [Part1] Young and beautiful German divers ｜ 3x8 TV's Selection #diving/Women's Diving ｜ [Part1] Young and beautiful Spanish divers ｜ 3x8 TV's Selection  #diving [mhzNUVTjTWs].mp4
355052444	/Volumes/HDD - One Touch/WEBDL/youtube/3×8 Women's Diving&ArtisticSwimming TV/Women's Diving _ [Part2] Young and beautiful Spanish divers ｜ 3x8 TV's Selection #diving/Women's Diving ｜ [Part1] Young and beautiful Spanish divers ｜ 3x8 TV's Selection  #diving [mhzNUVTjTWs].mp4
355052444	/Volumes/HDD - One Touch/WEBDL/youtube/3×8 Women's Diving&ArtisticSwimming TV/Women's Diving _ [Part1] Young and beautiful Spanish divers ｜ 3x8 TV's Selection #diving/Women's Diving ｜ [Part1] Young and beautiful Spanish divers ｜ 3x8 TV's Selection  #diving [mhzNUVTjTWs].mp4
355052444	/Volumes/HDD - One Touch/WEBDL/youtube/3×8 Women's Diving&ArtisticSwimming TV/Women's Diving _ Young and beautiful Ukrainian divers ｜ 3x8 TV's Selection #diving/Women's Diving ｜ [Part1] Young and beautiful Spanish divers ｜ 3x8 TV's Selection  #diving [mhzNUVTjTWs].mp4
355036890	/Volumes/HDD - One Touch/WEBDL/youtube/Podiatry 101/Podiatry Interview #16/Exercising ASMR (Whispering).mp4
354846312	/Volumes/HDD - One Touch/WEBDL/footfetishforum/Candid Feet Dangling And Slippers/Baresoles feet view in the park. [154753816].mp4
354801460	/Volumes/HDD - One Touch/WEBDL/imports/videodownloadhelper/191._Sweet_&_Cozy_✨_Mixed_Girl_Talking_to_You_(Barefoot_Vibes)_nz1d31.mkv
354492556	/Volumes/HDD - One Touch/WEBDL/youtube/VitFeet/Massaging my feet as I work/LEM Foot Massage ＊Amelia＊ [ASMR] [smNReVrrwSs].mp4
354492556	/Volumes/HDD - One Touch/WEBDL/youtube/Massages&Playlists/Massaging her tired feet after work/LEM Foot Massage ＊Amelia＊ [ASMR] [smNReVrrwSs].mp4
354492556	/Volumes/HDD - One Touch/WEBDL/youtube/Massages&Playlists/Massaging her feet/LEM Foot Massage ＊Amelia＊ [ASMR] [smNReVrrwSs].mp4
354492556	/Volumes/HDD - One Touch/WEBDL/youtube/AllAboutFeet/9 Ladies Soles Massage! In public/LEM Foot Massage ＊Amelia＊ [ASMR] [smNReVrrwSs].mp4
354492556	/Volumes/HDD - One Touch/WEBDL/youtube/FEET GR/Perla Vatiero/LEM Foot Massage ＊Amelia＊ [ASMR] [smNReVrrwSs].mp4
354295235	/Volumes/HDD - One Touch/WEBDL/Videodownloadhelper/Super sexy teen fingers her pussy on cam she moans super hot.mkv
353811083	/Volumes/HDD - One Touch/WEBDL/imports/videodownloadhelper/1._Russia_Sochi._Beach_Atmosphere._Black_Sea._Сочи_Лазаревское_☀️🌴🇷🇺_1ccd3vv.mkv
353809933	/Volumes/HDD - One Touch/WEBDL/youtube/k5n3two/Ed Sheeran's Perfect Piano cover Pedal Request/O.N.E.  - ＂Well, actually...＂ (official music video).mp4
353218430	/Volumes/HDD - One Touch/WEBDL/footfetishforum/Candid Feet Hot Maturewoman With Sandals On Train/Beauty bratty girls in boots. Soles and shoes close-up. [152491529].mp4
352638146	/Volumes/HDD - One Touch/WEBDL/imports/videodownloadhelper/16._Relaxing_Group_Pose_Visuals_for_Calm_&_Focus_1i1880o.mkv
351926561	/Volumes/HDD - One Touch/WEBDL/CAM-GIRLS/videodownloadhelper/pantyhose9156_1styfqp.mp4
350684236	/Volumes/HDD - One Touch/WEBDL/_Keep2Share/Webcam girls show off their alluring dignity - Page 8 - Amateur Voyeur Forum/WebCamVideos004074.mp4
350642165	/Volumes/HDD - One Touch/WEBDL/_4KDownloader/Medical ASMR Archive/206. 283 - Unintentional ASMR - Assessment   Exam   Head to Toe.mkv
350510066	/Volumes/HDD - One Touch/WEBDL/_Keep2Share/Keep2Share - Best 2019 sexy milf legs teen toes amar voyeur candid feet 25.mp4/DOWNLOADVXK4Hd.mp4
350412218	/Volumes/HDD - One Touch/WEBDL/imports/videodownloadhelper/4._Russia_Sochi_Beach._Black_Sea_☀️🌴🇷🇺_Сочи_Пляж_1743c26_1roiqv6.mkv
350380640	/Volumes/HDD - One Touch/WEBDL/youtube/Socks Anon/(prev) Talia tickled on the phone/＂Soles sisters 2＂ candid feet⧸soles mix(5 girls： 4TH girl, extended play).mp4
346547345	/Volumes/HDD - One Touch/WEBDL/youtube/Sleep Fairy JJ/maid cleans up during winter holidays/maid cleans up during winter holidays.mp4
345399359	/Volumes/HDD - One Touch/WEBDL/youtube/City-Feet.com Russian/Anna - Barefoot on a cool day [pt.2] (from City-Feet.com)/Anna - Barefoot on a cool day [pt.2] (from City-Feet.com) [646HKQtLd9I].mp4
345020138	/Volumes/HDD - One Touch/WEBDL/_4KDownloader/Feet girls/274. Maria - Good weather for walking barefoot [pt.3] (from Chilly-Feet.com) FULL-HD.mkv
344930955	/Volumes/HDD - One Touch/WEBDL/_Keep2Share/Webcam girls show off their alluring dignity - Page 6 - Amateur Voyeur Forum/WebCamVideos003169.mp4
344868937	/Volumes/HDD - One Touch/WEBDL/onlyfans/milaclark7/milaclark7/Streams/Videos/0uKQn3tHZH9WNu4571em8nxcajGGgBV4_source.mp4
344808712	/Volumes/HDD - One Touch/WEBDL/_4KDownloader/hub/1409/POV： CRAZIEST Waterslide at ACTION Aquapark in Sunny Beach ｜ Waterpark in Bulgaria, Europe [iol6VOW3LwU].webm
344622485	/Volumes/HDD - One Touch/WEBDL/youtube/ariella/dirty white socks in parking garage on a rainy day/Sexy Girl swimming in pool with DC shoes ＊＊under water Filming fully dressed＊＊.mp4
344211182	/Volumes/HDD - One Touch/WEBDL/beauty-angels/unknown/ba-201803011220/ba-201803011220.zip
344061659	/Volumes/HDD - One Touch/WEBDL/_4KDownloader/hub/1286/POV： CRAZIEST Waterslide at ACTION Aquapark in Sunny Beach ｜ Waterpark in Bulgaria, Europe [CJSAfJvmQ5U].webm
343871277	/Volumes/HDD - One Touch/WEBDL/imports/videodownloadhelper/150._Relaxing_Soles_Close-Up_Live_Session_(No_Audio)_2fucl8.mkv
343850757	/Volumes/HDD - One Touch/WEBDL/_4KDownloader/Feet girls/297. Chinese feet wrinkle.mkv
343660966	/Volumes/HDD - One Touch/WEBDL/_4KDownloader/Medical ASMR Archive/193. 296 - Unintentional ASMR - Assessment   Exam   Head to Toe.mkv
343436780	/Volumes/HDD - One Touch/WEBDL/youtube/City-Feet.com Russian/Tata - A barefoot brunette with beautiful legs [pt.4] (from City-Feet.com)/Tata - A barefoot brunette with beautiful legs [pt.4] (from City-Feet.com) [CR8hhvTsKbE].mp4
342372087	/Volumes/HDD - One Touch/WEBDL/footfetishforum/Candid Feet Hot Maturewoman With Sandals On Train/Beauty girl with fantastic feet slippers dangling. [153117372].mp4
342334940	/Volumes/HDD - One Touch/WEBDL/_4KDownloader/hub/1131/DARE TO SPLASH？! FUN Waterslide Adventure at Europe’s LARGEST Water Park Aquaparadise in Nessebar [07dI6DTDK7U].webm
342085366	/Volumes/HDD - One Touch/WEBDL/patreon/unknown/Candid feet _ Patreon/Slippers dangling under train seat, soles view near and under her soles. [153386929] [#62320].mp4
342085366	/Volumes/HDD - One Touch/WEBDL/footfetishforum/Candid Feet Hot Maturewoman With Sandals On Train/Slippers dangling under train seat, soles view near and under her soles. [153386929].mp4
341991156	/Volumes/HDD - One Touch/WEBDL/_Keep2Share/Webcam girls show off their alluring dignity - Page 6 - Amateur Voyeur Forum/WebCamVideos003326.mp4
341991156	/Volumes/HDD - One Touch/WEBDL/_Keep2Share/Webcam girls show off their alluring dignity - Page 6 - Amateur Voyeur Forum/WebCamVideos003936.mp4
341637258	/Volumes/HDD - One Touch/WEBDL/footfetishforum/Candid Feet Hot Maturewoman With Sandals On Train/Slippers birckenstock feet dangling. [152958530].mp4
341144834	/Volumes/HDD - One Touch/WEBDL/_Keep2Share/Webcam girls show off their alluring dignity - Page 5 - Amateur Voyeur Forum/WebCamVideos003224.mp4
340587500	/Volumes/HDD - One Touch/WEBDL/CAM-GIRLS/videodownloadhelper/0gv4573bibahf6vgu8xo9_source_mryxjn.mp4
339889600	/Volumes/HDD - One Touch/WEBDL/imports/videodownloadhelper/3._Peaceful_Relaxation_While_Gaming_–_Chill_Visuals_1aq9zrv.mkv
339784281	/Volumes/HDD - One Touch/WEBDL/_4KDownloader/hub/26/[ASMR] Read with me ｜ Teri ASMR [otE3Vvb8q3Y].mkv
339558435	/Volumes/HDD - One Touch/WEBDL/imports/videodownloadhelper/126._Would_you_like_to_discover_two_videos_a_day_rather_than_just_one_as_is_curr_19gxh2h.mkv
339434655	/Volumes/HDD - One Touch/WEBDL/youtube/тима тома/14 декабря 2019 г./14 декабря 2019 г..mp4
339320622	/Volumes/HDD - One Touch/WEBDL/youtube/Gezen Adam/Waterslides at Aquapark Międzyzdroje in Poland/Waterslides at Aquapark Międzyzdroje in Poland.mp4
338692884	/Volumes/HDD - One Touch/WEBDL/_4KDownloader/hub/1361/POV： CRAZIEST Waterslide at ACTION Aquapark in Sunny Beach ｜ Waterpark in Bulgaria, Europe [-o4UwkDwCec].webm
338046816	/Volumes/HDD - One Touch/WEBDL/patreon/unknown/Candid feet _ Patreon/Slippers dangling under train seat, soles view near and under her soles. [153386929].mp4
337820308	/Volumes/HDD - One Touch/WEBDL/_4KDownloader/Medical ASMR Archive/76. 413 - Unintentional ASMR - Assessment   Exam   Head to Toe.mkv
337741832	/Volumes/HDD - One Touch/WEBDL/imports/videodownloadhelper/127._MINHA_SANDÁLIA_GLADIADORA_NOVA_1olo1q0.mkv
337707163	/Volumes/HDD - One Touch/WEBDL/youtube/NisaSoles/Feet soles food crush/Feet soles food crush.mp4
337032646	/Volumes/HDD - One Touch/WEBDL/youtube/Gena Vlogs/LAST VLOG IN TURKEY_ WATER SLIDES AT AQUAPARK!!!/LAST VLOG IN TURKEY： WATER SLIDES AT AQUAPARK!!!.mp4
335749235	/Volumes/HDD - One Touch/WEBDL/_4KDownloader/Feet JOI/37. another reflexology lesson   feet and soles health.mkv
335256125	/Volumes/HDD - One Touch/WEBDL/_4KDownloader/Medical ASMR Archive/2. 487 - Unintentional ASMR - Assessment   Exam   Head to Toe.mkv
334749345	/Volumes/HDD - One Touch/WEBDL/_Keep2Share/Keep2Share - Best 2019 sexy milf legs teen toes amar voyeur candid feet 25.mp4/more_porn_freepornk2s.com_Goddess valeria  the dirtiest feet in this whores history.mp4
334326368	/Volumes/HDD - One Touch/WEBDL/_4KDownloader/hub/1260/POV： CRAZIEST Waterslide at ACTION Aquapark in Sunny Beach ｜ Waterpark in Bulgaria, Europe [xyUOnHyVqvE].webm
333856617	/Volumes/HDD - One Touch/WEBDL/_Keep2Share/Keep2Share - Best 2019 sexy milf legs teen toes amar voyeur candid feet 25.mp4/heQlMPEG-4.mp4
332986320	/Volumes/HDD - One Touch/WEBDL/youtube/ariella/dirty white socks in parking garage on a rainy day/Outdoor pool swimming in red pants.mp4
331590816	/Volumes/HDD - One Touch/WEBDL/Videodownloadhelper/Testing my anal limits with buttplugs objects and cans. Ass fing.mkv
331334166	/Volumes/HDD - One Touch/WEBDL/youtube/Podiatry 101/Podiatry Interview #16/EMBARRASSING FOOT FETISH.mp4
330760159	/Volumes/HDD - One Touch/WEBDL/youtube/HUGEL/HUGEL x Topic x Arash feat. Daecolm - I Adore You (Music Video)/HUGEL x Topic x Arash feat. Daecolm - I Adore You  (Music Video).mp4
330425143	/Volumes/HDD - One Touch/WEBDL/_4KDownloader/Feet girls/498. imz 2524.mkv
330108237	/Volumes/HDD - One Touch/WEBDL/imports/videodownloadhelper/199._Laying_Down_Vibes_Peaceful_At-Home_Moment_🖤🌿_1t8t640.mkv
329856531	/Volumes/HDD - One Touch/WEBDL/_4KDownloader/Medical ASMR Archive/207. 282 - Unintentional ASMR - Assessment   Exam   Head to Toe.mkv
329044756	/Volumes/HDD - One Touch/WEBDL/_Keep2Share/Sexy Nudists on the Beach, Hidden Cam - Page 10 - Amateur Voyeur Forum/beachnudescvxhc067.mp4
328700010	/Volumes/HDD - One Touch/WEBDL/youtube/Jutta Leerdam/Vlog 2- Een dag TRAINEN_ eten met mij! - Jutta Leerdam/Vlog 2- Een dag TRAINEN⧸ eten met mij! - Jutta Leerdam.mp4
328244913	/Volumes/HDD - One Touch/WEBDL/_Keep2Share/Webcam girls show off their alluring dignity - Amateur Voyeur Forum/WebCamVideos00151.mp4
328072272	/Volumes/HDD - One Touch/WEBDL/youtube/k5n3two/Ed Sheeran's Perfect Piano cover Pedal Request/Celina Rotundo & Hugo Patyn ＂El Huracan＂ Windy Tango Festival 2022.mp4
328008578	/Volumes/HDD - One Touch/WEBDL/youtube/thread_8772/https___www.youtube.com_c_starswithnames/ask flobs #4 [MsJiZTM1OFs].mp4
327343998	/Volumes/HDD - One Touch/WEBDL/youtube/I’m/How to get the split ￼/How to get the split ￼.mp4
326354220	/Volumes/HDD - One Touch/WEBDL/CAM-GIRLS/videodownloadhelper/0h2axo8ijk2jkma540diw_source_1i74dir.mp4
325739512	/Volumes/HDD - One Touch/WEBDL/_4KDownloader/hub/1404/POV： CRAZIEST Waterslide at ACTION Aquapark in Sunny Beach ｜ Waterpark in Bulgaria, Europe [d4mLq-CMUIQ].webm
325691896	/Volumes/HDD - One Touch/WEBDL/onlyfans/peachyprime/peachyprime/Posts/Videos/0hdm10mgc6irrr0n7kt4h_source.mp4
324739759	/Volumes/HDD - One Touch/WEBDL/MEGA/Y6KSdnbH_1080p.mp4
324637710	/Volumes/HDD - One Touch/WEBDL/_4KDownloader/My Holiday Diary/1. 🇹🇭Walking the Streets of Pattaya, Thailand. Interesting Street Food🔥 #pattayastreetfood.mp4
323982962	/Volumes/HDD - One Touch/WEBDL/youtube/Annie world-14🍄/￼ Review fidgets with us/￼ Review fidgets with us.mp4
323972246	/Volumes/HDD - One Touch/WEBDL/_4KDownloader/hub/1281/POV： CRAZIEST Waterslide at ACTION Aquapark in Sunny Beach ｜ Waterpark in Bulgaria, Europe [Vna6SG283jw].webm
323957560	/Volumes/HDD - One Touch/WEBDL/footfetishforum/Candid Feet Hot Maturewoman With Sandals On Train/High heel boots and crossed legs with nylon [152405430].mp4
323607588	/Volumes/HDD - One Touch/WEBDL/zishy/unknown/sayah_heaney_bts/sayah_heaney_bts.mp4
323248380	/Volumes/HDD - One Touch/WEBDL/tiktok/@k4t3gg_2nd/K4T3GG🥚_2nd (@k4t3gg_2nd) is LIVE - TikTok LIVE/recording_tiktok_@k4t3gg_2nd_K4T3GG🥚_2nd (@k4t3gg_2nd) is LIVE - TikTok LIVE_2026-03-28T20-43-58-870Z.mp4
323229192	/Volumes/HDD - One Touch/WEBDL/youtube/VitFeet/Smelly feet 3/Abbie's wrinkled soles toe curling scrunching sweaty feet British English girls brunette foot play [8rLayQkv6Ec].mp4
323229192	/Volumes/HDD - One Touch/WEBDL/youtube/FeetTopicVideos/Gorgeous blonde sweaty feet/Abbie's wrinkled soles toe curling scrunching sweaty feet British English girls brunette foot play [8rLayQkv6Ec].mp4
323055782	/Volumes/HDD - One Touch/WEBDL/CAM-GIRLS/videodownloadhelper/Unwinding_After_a_Long_Day_Taking_Off_My_Sneakers_and_Relaxing_Feet_youtube.com_1eqxl8t.mp4
323007743	/Volumes/HDD - One Touch/WEBDL/imports/videodownloadhelper/53._Sochi_Russia_Beach_Guide._Сочи_Лазаревское_Пляж_🌞🌴🇷🇺_1nmvxyc_dry3e2.mkv
322989781	/Volumes/HDD - One Touch/WEBDL/CAM-GIRLS/xvideos/unknown/Stretching a strained butt after a yoga/Stretching a strained butt after a yoga [ohtluvf156d].mp4
322977084	/Volumes/HDD - One Touch/WEBDL/CAM-GIRLS/videodownloadhelper/Latina_Girl_Feet_Lesbian_Feet_Domination_2_Girls_Humiliate_Foot_Slave_-_hotmovs_tubc0f.mp4
322846393	/Volumes/HDD - One Touch/WEBDL/youtube/Chelle's Feet/Elevated Perch_ Topping a Barstool in thong sandals/Long walking with my black platform Buffalo Cld Tec in forest 👡 [fRx7YdsJFBI].mp4
322803647	/Volumes/HDD - One Touch/WEBDL/youtube/Rida Poner/teen boot soles foot joi/Unwinding After a Long Day： Taking Off My Sneakers and Relaxing Feet.mp4
322693703	/Volumes/HDD - One Touch/WEBDL/imports/videodownloadhelper/54._Vintage_Style_Full_Fashioned_Backseam_Stay_Up_Nylons_Stockings_Pantyhose,_Re_oat1kk.mkv
322546160	/Volumes/HDD - One Touch/WEBDL/CAM-GIRLS/Chatroulette/Chatroulette Webcam girls feet 15.mp4
322467899	/Volumes/HDD - One Touch/WEBDL/zishy/unknown/nora_hernando_show/nora_hernando_show.mp4
321579250	/Volumes/HDD - One Touch/WEBDL/youtube/Ivan zamaraev/от проспект славы до проспект Большевиков линия 5.4/от проспект славы до проспект Большевиков  линия 5.4.mp4
321450070	/Volumes/HDD - One Touch/WEBDL/imports/videodownloadhelper/166._Pretty_&_Unbothered_Relaxing_Live_Moments_🖤_a9sjqn.mkv
320927052	/Volumes/HDD - One Touch/WEBDL/imports/videodownloadhelper/90._Soothing_Live_in_the_Pose_soles_up_1hse30o.mkv
320610679	/Volumes/HDD - One Touch/WEBDL/imports/videodownloadhelper/105._Bare_Feet_Sandals_Shoeplay_Wine_Tasting,_Soles_Toes_Shoe_Dangle,_Girl_Legs__1tyjh7l.mkv
320556542	/Volumes/HDD - One Touch/WEBDL/_4KDownloader/Feet girls/204. Sweaty socks foot Joi!.mkv
320453187	/Volumes/HDD - One Touch/WEBDL/CAM-GIRLS/Chatroulette/Chatroulette Webcam girls feet 17.mp4
320143783	/Volumes/HDD - One Touch/WEBDL/imports/videodownloadhelper/144._Relaxing_Up-Close_Soles_ASMR_Gentle_Foot_Talks_Just_for_You_nysvjk.mkv
320135581	/Volumes/HDD - One Touch/WEBDL/youtube/Socks Anon/(prev) Talia tickled on the phone/Rejects and bloopers Dump, 4 soles..mp4
319513246	/Volumes/HDD - One Touch/WEBDL/zishy/unknown/bianca_bell_finale/bianca_bell_finale.mp4
319377381	/Volumes/HDD - One Touch/WEBDL/_4KDownloader/hub/1103/POV： CRAZIEST Waterslide at Aquapark Nessebar Waterpark ｜ Black Hole Waterslide [63zpjzKX67M].webm
319242282	/Volumes/HDD - One Touch/WEBDL/youtube/ariella/dirty white socks in parking garage on a rainy day/One of our fans bought those slides and requested we go mudding with them.mp4
318954650	/Volumes/HDD - One Touch/WEBDL/MEGA/zK7jHl0V_1080p.mp4
318952166	/Volumes/HDD - One Touch/WEBDL/youtube/NisaSoles/American Dream Goddess Soles/Green Girl Show Feet Soles.mp4
318655659	/Volumes/HDD - One Touch/WEBDL/_Keep2Share/Webcam girls show off their alluring dignity - Page 7 - Amateur Voyeur Forum/WebCamVideos003978.mp4
318086646	/Volumes/HDD - One Touch/WEBDL/youtube/like show socks/show white socks1.29/show white socks1.29.mov
317994104	/Volumes/HDD - One Touch/WEBDL/youtube/Chelle's Feet/Cozy desk feet_ Sandals, burgundy pedi, subtle toe wiggles/Long walking with my black platform Buffalo Cld Tec in forest 👡 [fRx7YdsJFBI].mp4.part
316878094	/Volumes/HDD - One Touch/WEBDL/_4KDownloader/hub/1478/POV： CRAZIEST Waterslide at Aquapark Nessebar Waterpark ｜ Crazy Race Waterslide [xv7Rgt2ZdK4].webm
316397711	/Volumes/HDD - One Touch/WEBDL/_4KDownloader/hub/1250/POV： CRAZIEST Waterslide at ACTION Aquapark in Sunny Beach ｜ Waterpark in Bulgaria, Europe [D3Jd2onqMfA].webm
316360865	/Volumes/HDD - One Touch/WEBDL/youjizz/thread_20473/https___www.youjizz.com_videos_korean-oily-soles-77556131.ht/Korean Oily Soles [77556131] [#42306].mp4
316182967	/Volumes/HDD - One Touch/WEBDL/youtube/Scrappy Candids/Classroom _ Candid Feet #32/Classroom ｜ Candid Feet #32 [HbUN9-CSFh0].mp4
315688538	/Volumes/HDD - One Touch/WEBDL/Videodownloadhelper/ABXXX Teensexfusion Agata And Andrej Bath With Marry Queen Porn.mkv
315480176	/Volumes/HDD - One Touch/WEBDL/zishy/unknown/jezebel_madd_sugar/jezebel_madd_sugar.mp4
315340125	/Volumes/HDD - One Touch/WEBDL/zishy/unknown/riley_nixon_barton/riley_nixon_barton.mp4
314753330	/Volumes/HDD - One Touch/WEBDL/patreon/unknown/Candid feet _ Patreon/Admirable feet and crossed legs, golden strappy sandals. [153173156].mp4
314753330	/Volumes/HDD - One Touch/WEBDL/patreon/unknown/Candid feet _ Patreon/Admirable feet and crossed legs, golden strappy sandals. [153173156] [#62320].mp4
314753330	/Volumes/HDD - One Touch/WEBDL/footfetishforum/Candid Feet Hot Maturewoman With Sandals On Train/Admirable feet and crossed legs, golden strappy sandals. [153173156].mp4
314733455	/Volumes/HDD - One Touch/WEBDL/_4KDownloader/hub/1296/POV： CRAZIEST Waterslide at ACTION Aquapark in Sunny Beach ｜ Waterpark in Bulgaria, Europe [XOrD3ZLf1is].temp.webm
314654531	/Volumes/HDD - One Touch/WEBDL/patreon/unknown/Candid feet _ Patreon/Slippers dangling, amazing baresoles. [153172932].mp4
314654531	/Volumes/HDD - One Touch/WEBDL/patreon/unknown/Candid feet _ Patreon/Slippers dangling, amazing baresoles. [153172932] [#62320].mp4
314654531	/Volumes/HDD - One Touch/WEBDL/footfetishforum/Candid Feet Hot Maturewoman With Sandals On Train/Slippers dangling, amazing baresoles. [153172932].mp4
314609890	/Volumes/HDD - One Touch/WEBDL/_4KDownloader/Feet girls/446. SPECIALE 6k ❤️ LETTURA IN DA POSE COME PROMESSO .. whispered reading.mkv
314579126	/Volumes/HDD - One Touch/WEBDL/_Keep2Share/Forumophilia - PORN FORUM ; Lovely women's legs in Foot fetish video - Page 367/footfetish_penny_pax_stretching.mp4
314574353	/Volumes/HDD - One Touch/WEBDL/youtube/Arches Club/Stay Up With Me _ Feet Hall of Fame (52)/Stay Up With Me ｜ Feet Hall of Fame (52) [Bok1-sKN5CI].mp4
314045447	/Volumes/HDD - One Touch/WEBDL/youtube/NisaSoles/Hot Mistress Show Feet Soles/Hot Mistress Show Feet Soles.mp4
313953650	/Volumes/HDD - One Touch/WEBDL/youtube/VitFeet/Smelly feet 3/This a real massage service [du6sljAOG78].mp4
313953650	/Volumes/HDD - One Touch/WEBDL/youtube/FeetTopicVideos/Gorgeous blonde sweaty feet/This a real massage service [du6sljAOG78].mp4
313747106	/Volumes/HDD - One Touch/WEBDL/youtube/k5n3two/Ed Sheeran's Perfect Piano cover Pedal Request/Damian Boylan - Expansions (Official Video).mp4
313331970	/Volumes/HDD - One Touch/WEBDL/youtube/k5n3two/Ed Sheeran's Perfect Piano cover Pedal Request/＂Вязь＂. Современный танец. Возраст 18..mp4
313163309	/Volumes/HDD - One Touch/WEBDL/_4KDownloader/hub/1482/POV： CRAZIEST Waterslide at Aquapark Nessebar Waterpark ｜ Crazy Race Waterslide [3x3NZ33_Neg].webm
312623344	/Volumes/HDD - One Touch/WEBDL/_4KDownloader/Feet girls/299. perfect asian soles.mkv
312544067	/Volumes/HDD - One Touch/WEBDL/zishy/unknown/jacie_verbena_show/jacie_verbena_show.mp4
312421569	/Volumes/HDD - One Touch/WEBDL/_Keep2Share/Webcam girls show off their alluring dignity - Page 8 - Amateur Voyeur Forum/WebCamVideos003805.mp4
312006722	/Volumes/HDD - One Touch/WEBDL/youtube/Scrappy Candids/Classroom _ Candid Feet #32/Classroom ｜ Candid Feet #32 [HbUN9-CSFh0].f401.mp4
311851867	/Volumes/HDD - One Touch/WEBDL/youtube/vonthedon/styling new clothes I got! ✨💙/styling new clothes I got! ✨💙.mp4
311436863	/Volumes/HDD - One Touch/WEBDL/zishy/unknown/camila_and_mercy_show/camila_and_mercy_show.mp4
310725976	/Volumes/HDD - One Touch/WEBDL/tiktok/@scarlett.ki/🖤Scarlett-NextDoorNerd📚 (@scarlett.ki) is LIVE - TikTok LIVE/recording_tiktok_@scarlett.ki_🖤Scarlett-NextDoorNerd📚 (@scarlett.ki) is LIVE - TikTok LIVE_2026-03-05T21-42-57-396Z_raw.mp4
310705185	/Volumes/HDD - One Touch/WEBDL/youtube/Scrappy Candids/Assessment _ Candid Feet #2/Assessment ｜ Candid Feet #2.mp4
310545299	/Volumes/HDD - One Touch/WEBDL/youtube/Souls4Soles/teegan live tiktok feet and soles with her friend/teegan live tiktok feet and soles with her friend.mp4
310166725	/Volumes/HDD - One Touch/WEBDL/youtube/City-Feet.com Russian/Elena - Barefoot friends [pt.2] (from City-Feet.com)/Elena - Barefoot friends [pt.2] (from City-Feet.com) [Rj6V3itKk7c].mp4
309527986	/Volumes/HDD - One Touch/WEBDL/youtube/Gezen Adam/Who Wins the 6-Lane Water Slide Race_ 🏁💦 _ Water World Spain 🇪🇸/Who Wins the 6-Lane Water Slide Race？ 🏁💦 ｜ Water World Spain 🇪🇸 [fvZYlXemjOc].mp4
309407605	/Volumes/HDD - One Touch/WEBDL/youtube/Upcycle Shoes/Watching Mr. Pickles on Netflix with Brittney and Elizabeth after work stream commentary/Watching Mr. Pickles on Netflix with Brittney and Elizabeth after work stream commentary.mp4
309201950	/Volumes/HDD - One Touch/WEBDL/youtube/Gezen Adam/Racing Down the Speed Slide at Water World Parc 💦🏁/Racing Down the Speed Slide at Water World Parc 💦🏁.mp4
309053329	/Volumes/HDD - One Touch/WEBDL/youtube/k5n3two/Ed Sheeran's Perfect Piano cover Pedal Request/Нижегородский губернский оркестр. Концерт ко Дню России в Минске 09.06.2023г. 5388.mp4
308809497	/Volumes/HDD - One Touch/WEBDL/_4KDownloader/Feet girls/488. Watching Mr. Pickles on Netflix with Brittney and Elizabeth after work stream commentary.mkv
308757939	/Volumes/HDD - One Touch/WEBDL/imports/videodownloadhelper/202._Relax_With_Me_Soft_Bedroom_Aesthetic_🌿_8ttxo5.mkv
308752050	/Volumes/HDD - One Touch/WEBDL/youtube/Кристина Шугарина/Депиляция ног себе/Депиляция ног себе [Zl23R-BLwVI].mp4
308710775	/Volumes/HDD - One Touch/WEBDL/_4KDownloader/hub/929/Dirty Foot Joi [-3JMh5_ZR3M].webm
308609762	/Volumes/HDD - One Touch/WEBDL/_4KDownloader/hub/927/Barefoot girl city adventure 4 [Afm0cfVnpwg].mkv
308565266	/Volumes/HDD - One Touch/WEBDL/youtube/Chelle's Feet/Elevated Perch_ Topping a Barstool in thong sandals/WASHING A FORD RAPTOR FROM DIRTY TO CLEAN!! [77WvoJqjn3s].mp4
308337452	/Volumes/HDD - One Touch/WEBDL/imports/videodownloadhelper/81._Moda_En_Tacones_frexbc.mkv
308026771	/Volumes/HDD - One Touch/WEBDL/_4KDownloader/Medical ASMR Archive/93. 396 - Unintentional ASMR - Assessment   Exam   Head to Toe.mkv
307151747	/Volumes/HDD - One Touch/WEBDL/imports/videodownloadhelper/156._LATEST_WHITES_SANDALS_DESIGN_FOR_WOMEN_15fdbsc.mkv
306863165	/Volumes/HDD - One Touch/WEBDL/youtube/k5n3two/Ed Sheeran's Perfect Piano cover Pedal Request/Fantasy ｜ Surreal ｜ We Don’t Rush [AI Music Video].mp4
306825981	/Volumes/HDD - One Touch/WEBDL/youtube/Indai Lociana/When we all have the same plan😂😂/When we all have the same plan😂😂.mp4
306184240	/Volumes/HDD - One Touch/WEBDL/tiktok/@idk_butdefnotmymain/⭐️⭐️💗💗 (@idk_butdefnotmymain) is LIVE - TikTok LIVE/recording_tiktok_@idk_butdefnotmymain_⭐️⭐️💗💗 (@idk_butdefnotmymain) is LIVE - TikTok LIVE_2026-03-21T13-46-38-827Z_raw.mp4
305910147	/Volumes/HDD - One Touch/WEBDL/_Keep2Share/Gtszone 189 Darenzia – Gtszone ⁄ Size Fetish Zone – Mp4/11_rIpHpsP.mp4
304886270	/Volumes/HDD - One Touch/WEBDL/footfetishforum/Candid Feet Hot Maturewoman With Sandals On Train/Beauty girls, candid nylon and ugg and other two dirty boots type. [153980564].mp4
304886270	/Volumes/HDD - One Touch/WEBDL/patreon/unknown/Candid feet _ Patreon/Beauty girls, candid nylon and ugg and other two dirty boots type. [153980564].mp4
304624772	/Volumes/HDD - One Touch/WEBDL/_Keep2Share/private shooting nude beaches around the world - Page 5 - Amateur Voyeur Forum/DSCN9639.mp4
303966755	/Volumes/HDD - One Touch/WEBDL/youtube/k5n3two/Ed Sheeran's Perfect Piano cover Pedal Request/＂Одно на двоих＂. Современный танец. 11-12 лет..mp4
303963881	/Volumes/HDD - One Touch/WEBDL/footfetishforum/unknown/https___files.footfetishforum.com_s_BEFiKjfpCmrH6Wx_download/download [download？path=⧸&files=3HOOT].wmv
303740643	/Volumes/HDD - One Touch/WEBDL/youtube/Socks Anon/(prev) Talia tickled on the phone/Extended Candid feet⧸soles mix(6 Girls).mp4
303667085	/Volumes/HDD - One Touch/WEBDL/imports/videodownloadhelper/213._Yacht._Girls._Batumi_Georgia_🌊🌴☀️🇬🇪_2utifg_1h53ezc.mkv
303477988	/Volumes/HDD - One Touch/WEBDL/youtube/Blissful Babe/DiY Customized Ugg Boots/DiY Customized Ugg Boots.mp4
303230926	/Volumes/HDD - One Touch/WEBDL/MEGA/w06xmesO_1080p.mp4
302962132	/Volumes/HDD - One Touch/WEBDL/patreon/unknown/Candid feet _ Patreon/Barefeet on the bench. [153949153].mp4
302625581	/Volumes/HDD - One Touch/WEBDL/xvideos/unknown/She didn't know what kind of work awaited her.../She didn't know what kind of work awaited her... [oohhudb60a8].mp4
302515568	/Volumes/HDD - One Touch/WEBDL/_4KDownloader/Feet girls/469. Feetjoi.mkv
300545793	/Volumes/HDD - One Touch/WEBDL/zishy/unknown/ina_blossom_docu/ina_blossom_docu.mp4
300440664	/Volumes/HDD - One Touch/WEBDL/_4KDownloader/Medical ASMR Archive/489. 495 - Unintentional ASMR - Assessment   Exam   Head to Toe.mkv
300238835	/Volumes/HDD - One Touch/WEBDL/_4KDownloader/hub/1381/POV： CRAZIEST Waterslide at ACTION Aquapark in Sunny Beach ｜ Waterpark in Bulgaria, Europe [3jXYmUo2KQE].webm
300223688	/Volumes/HDD - One Touch/WEBDL/imports/videodownloadhelper/670._Greece_Creta._Hersonissos._Beach._4K_walk._1fug20f_p8uv6w.mkv
299915390	/Volumes/WEBDL Extra/WEBDL/tiktok/@lesbienna.jen/Jenny 🏳️‍🌈 (@lesbienna.jen) is LIVE - TikTok LIVE/recording_tiktok_@lesbienna.jen_Jenny 🏳️‍🌈 (@lesbienna.jen) is LIVE - TikTok LIVE_2026-05-01T16-56-36-507Z_raw.mp4
298984171	/Volumes/HDD - One Touch/WEBDL/footfetishforum/Candid Feet Hot Maturewoman With Sandals On Train/Unexpected amazing sandals close-up, cracked mature woman feet. [152032095].mp4
298722904	/Volumes/HDD - One Touch/WEBDL/_Keep2Share/Webcam girls show off their alluring dignity - Page 2 - Amateur Voyeur Forum/WebCamVideos002559.mp4
298604368	/Volumes/HDD - One Touch/WEBDL/patreon/unknown/Candid feet _ Patreon/Amazing slipper dangling, close-up. [154065424].mp4
298255769	/Volumes/HDD - One Touch/WEBDL/zishy/unknown/athena_fleurs_breaky/athena_fleurs_breaky.mp4
297724751	/Volumes/HDD - One Touch/WEBDL/CAM-GIRLS/videodownloadhelper/eporner/unknown/princess joi/princess joi [u2iKsGvqZVG].mp4
297343452	/Volumes/HDD - One Touch/WEBDL/imports/videodownloadhelper/271._Tons_of_Pretty_Piggies_1mmdo98.mkv
297221254	/Volumes/HDD - One Touch/WEBDL/CAM-GIRLS/videodownloadhelper/0guo0b7c1mycyihspeyrn_source_1ymqanf.mp4
297179001	/Volumes/HDD - One Touch/WEBDL/youtube/Upcycle Shoes/Fashion_ Outdoor Fashion Advertising Photoshoots for media, un-edited B-roll/Fashion： Outdoor Fashion Advertising Photoshoots for media, un-edited B-roll.mp4
296834944	/Volumes/HDD - One Touch/WEBDL/_4KDownloader/Feet girls/366. Girl Showing Her Feet on the Floor.mkv
296817536	/Volumes/HDD - One Touch/WEBDL/youtube/Candidzone/Candid Feet/Candid Feet.mp4
295902756	/Volumes/HDD - One Touch/WEBDL/youtube/ariella/dirty white socks in parking garage on a rainy day/She gets her sneakers WET and MESSY pt1.mp4
295135213	/Volumes/HDD - One Touch/WEBDL/imports/videodownloadhelper/258._Beach_Sochi_Russia._Сочи_Лазаревское_Пляж._4K_☀️🌴🌊_m0trzc_1kqmuvm.mkv
294647922	/Volumes/HDD - One Touch/WEBDL/youtube/thread_8772/https___www.youtube.com_c_starswithnames/como eu lido com meus traumas - ask flobs #5 [-eci_mA8Mfw].mp4
294228451	/Volumes/HDD - One Touch/WEBDL/youtube/ariella/dirty white socks in parking garage on a rainy day/More gardening!.mp4
293982327	/Volumes/HDD - One Touch/WEBDL/_4KDownloader/Feet girls/497. 足模白袜美脚 裸足棉袜-Asian girl's feet and soles (barefoot and socks).mkv
293731375	/Volumes/HDD - One Touch/WEBDL/_4KDownloader/Feet & Soles/48. Cute colombian girl shows feet 6.mkv
293629851	/Volumes/HDD - One Touch/WEBDL/footfetishforum/Candid Feet Hot Maturewoman With Sandals On Train/Barefeet on the bench. [153949153].mp4
293472639	/Volumes/HDD - One Touch/WEBDL/youtube/ROSÉ/ROSÉ & Bruno Mars - APT. (Official Music Video)/ROSÉ & Bruno Mars - APT. (Official Music Video).mp4
293070053	/Volumes/HDD - One Touch/WEBDL/_4KDownloader/Medical ASMR Archive/176. 313 - Unintentional ASMR - Assessment   Exam   Head to Toe.mkv
292830477	/Volumes/HDD - One Touch/WEBDL/youtube/ariella/dirty white socks in parking garage on a rainy day/How to survive the heat working in the garden..mp4
292728784	/Volumes/HDD - One Touch/WEBDL/tiktok/krissycarress/Come say hi, don’t be shy 😘 2026-04-17 17_57/Come say hi, don’t be shy 😘 2026-04-17 17_58 [7629743846045256479].mp4
292618011	/Volumes/HDD - One Touch/WEBDL/imports/videodownloadhelper/69._🍃_Live_in_the_Pose_Soles_Relaxing_1h2ba6j.mkv
292486735	/Volumes/HDD - One Touch/WEBDL/CAM-GIRLS/_Downloads te importeren/Licking Girls Feet SARAH Relax on the balcony and d.mp4
292454841	/Volumes/HDD - One Touch/WEBDL/imports/videodownloadhelper/204._FootBook_-_Loja_Unik_px2b7d.mkv
291217053	/Volumes/HDD - One Touch/WEBDL/footfetishforum/Candid Feet Hot Maturewoman With Sandals On Train/Amazing slipper dangling, close-up. [154065424].mp4
290569930	/Volumes/HDD - One Touch/WEBDL/CAM-GIRLS/xvideos/unknown/SEXY FEET CAM COMPILATION #2 - TWEETCAMS.COM/SEXY FEET CAM COMPILATION #2 - TWEETCAMS.COM [kikomod143c].mp4
290361564	/Volumes/HDD - One Touch/WEBDL/MEGA/yn0EgZEG_1080p.mp4
290296025	/Volumes/HDD - One Touch/WEBDL/footfetishforum/Candid Feet Hot Maturewoman With Sandals On Train/Bratty girl with ballet flats- pov and close-up view. [152413047].mp4
289960404	/Volumes/HDD - One Touch/WEBDL/youtube/Allyoucanfeet/Victoria - Barefoot in the Kitchen/girl perfection feet soles compil [ghw7VPSNHWI].mp4
289334065	/Volumes/HDD - One Touch/WEBDL/footfetishforum/Candid Feet Hot Maturewoman With Sandals On Train/Crossed ankles and slippers, soles view. [152790143].mp4
289221470	/Volumes/HDD - One Touch/WEBDL/youtube/harley melts/whisper ASMR high heels try on/whisper ASMR high heels try on.mp4
289094188	/Volumes/HDD - One Touch/WEBDL/youtube/Kat x/HD soles scrunching and flexing/girl perfection feet soles compil [ghw7VPSNHWI].mp4
289094188	/Volumes/HDD - One Touch/WEBDL/youtube/Feet Bra/Franciely Freduzeski Pés_Solas Feet_Soles #1/girl perfection feet soles compil [ghw7VPSNHWI].mp4
288885646	/Volumes/HDD - One Touch/WEBDL/imports/videodownloadhelper/14._Calming_Foot_Visuals_for_Relaxation_&_Stress_Relief_iotw4y.mkv
288320639	/Volumes/HDD - One Touch/WEBDL/youtube/ariella/dirty white socks in parking garage on a rainy day/Splashing mud on white ankle socks in leggings.mp4
288065916	/Volumes/HDD - One Touch/WEBDL/youtube/Heimatverein D'Burgstoana/Cold Water Challenge 2014 Heimatverein D'Burgstoana Eben im Pongau/Girls barefoot in dirty white socks walking on the street..mp4
286685682	/Volumes/HDD - One Touch/WEBDL/footfetishforum/Candid Feet Hot Maturewoman With Sandals On Train/Strong high heel sandals, elegant woman, shoe and feet close-up. [152943267].mp4
286656340	/Volumes/HDD - One Touch/WEBDL/_4KDownloader/hub/1312/POV： CRAZIEST Waterslide at ACTION Aquapark in Sunny Beach ｜ Waterpark in Bulgaria, Europe [eqanfiIF9lw].webm
286002292	/Volumes/HDD - One Touch/WEBDL/imports/videodownloadhelper/50._Cute_colombian_girl_shows_feet_1_n64irm_1pkp3w3.mkv
285865259	/Volumes/HDD - One Touch/WEBDL/youtube/NisaSoles/American Dream Goddess Soles/Sexy feet soles.mp4
285674338	/Volumes/HDD - One Touch/WEBDL/youtube/k5n3two/Ed Sheeran's Perfect Piano cover Pedal Request/＂Find＂ - Compassvale Bus Interchange Closure & Reopening Music Video Showcase ｜ 희진Heejin.mp4
285512950	/Volumes/HDD - One Touch/WEBDL/youtube/ariella/dirty white socks in parking garage on a rainy day/Tanya's unplanned swimming during a walk. Part1.mp4
285436025	/Volumes/HDD - One Touch/WEBDL/_4KDownloader/Medical ASMR Archive/173. 316 - Unintentional ASMR - Assessment   Exam   Head to Toe.mkv
285282677	/Volumes/HDD - One Touch/WEBDL/youtube/Splish Splash Adventures Clips/POV_ CRAZIEST Waterslides at Dubai Aquaventure Waterpark/POV： CRAZIEST Waterslides at Dubai Aquaventure Waterpark [UwZQkCcMLBg].mp4
285221475	/Volumes/HDD - One Touch/WEBDL/imports/videodownloadhelper/473._Турция_Аланья._27_ноября._Turkey_Alanya._4K._🌞🏖🇹🇷_njvuts_b6g0d8.mkv
284564365	/Volumes/HDD - One Touch/WEBDL/MEGA/U5XHq6AY_1080p.mp4
283903997	/Volumes/HDD - One Touch/WEBDL/imports/videodownloadhelper/Toes_soles_Candid_feet_like_Girls_soles_Omegle_foot_girls(5)_phmo2p.mkv
283782502	/Volumes/HDD - One Touch/WEBDL/youtube/Feet hunter Shoeplay/Candid feet shoeplay 2025/Candid feet shoeplay 2025 [5TUQaWRfPnA].mp4
283593725	/Volumes/HDD - One Touch/WEBDL/_Keep2Share/Sexy Nudists on the Beach, Hidden Cam - Page 5 - Amateur Voyeur Forum/beachnudescvxhc078.mp4
283135852	/Volumes/HDD - One Touch/WEBDL/youtube/Upcycle Shoes/Fortnite with Brittney_ Playstation 4 Twitch stream Original Fortnite map part 2/Fortnite with Brittney： Playstation 4 Twitch stream Original Fortnite map part 2.mp4
283110043	/Volumes/HDD - One Touch/WEBDL/_4KDownloader/hub/26/Interviewing a College Student About Her Soles 125｜ Public Feet Interview ｜ Scouting Soleful Stories [RLg4181EcJ8].webm
282822591	/Volumes/HDD - One Touch/WEBDL/youtube/Gezen Adam/Waterslides at Laguna Waterpark in Dubai/Waterslides at Laguna Waterpark in Dubai.mp4
282240639	/Volumes/HDD - One Touch/WEBDL/CAM-GIRLS/Chatroulette/Chatroulette Webcam girls feet 18.mp4
282119785	/Volumes/HDD - One Touch/WEBDL/_4KDownloader/Medical ASMR Archive/65. 424 - Unintentional ASMR - Assessment   Exam   Head to Toe.mkv
282065451	/Volumes/HDD - One Touch/WEBDL/youtube/kreativgefühl/DIY Huaraches Sandalen - Barfußschuhe/TAG DOS PÉS： 24 HORAS USANDO HAVAIANAS - TAGS OF FEET： 24 HOURS USING HAWAIIAN [mi55wMeD-sk].mp4
281996051	/Volumes/HDD - One Touch/WEBDL/_4KDownloader/My Holiday Diary/80. Pattaya Soi 6 Girls Nightlife Thailand Pattaya -Girls Bars Boom Boom.mp4
281682850	/Volumes/HDD - One Touch/WEBDL/_4KDownloader/hub/1469/POV： CRAZIEST Waterslide at Aquapark Nessebar Waterpark ｜ Tsunami Waterslide Tsunami [2-YNlyxwIjk].webm
281540268	/Volumes/HDD - One Touch/WEBDL/youtube/unknown/video_Q8zlbyhrDn4/My Sweet Feet And Soles.mp4
281467476	/Volumes/HDD - One Touch/WEBDL/youtube/PokeMandi/Surging SPARKLES TODAY ✨/Surging SPARKLES TODAY ✨.mp4
281072249	/Volumes/HDD - One Touch/WEBDL/footfetishforum/Candid Feet Hot Maturewoman With Sandals On Train/Strong dirty boots under seat, soles view. [152088974].mp4
280886344	/Volumes/HDD - One Touch/WEBDL/_4KDownloader/Medical ASMR Archive/73. 416 - Unintentional ASMR - Assessment   Exam   Head to Toe.mkv
280726168	/Volumes/HDD - One Touch/WEBDL/_4KDownloader/Medical ASMR Archive/156. 333 - Unintentional ASMR - Assessment   Exam   Head to Toe.mkv
280602967	/Volumes/HDD - One Touch/WEBDL/MEGA/w9tYaPx2_1080p.mp4
280582905	/Volumes/HDD - One Touch/WEBDL/imports/videodownloadhelper/91._Sochi_Russia_Beach._Сочи_Лазаревское_Пляж_🌴☀️🇷🇺_1b7ccwx_1b4duhh.mkv
280581162	/Volumes/HDD - One Touch/WEBDL/youtube/Rida Poner/teen boot soles foot joi/My Favorite Tall Brown Boots for Fall.mp4
280519776	/Volumes/HDD - One Touch/WEBDL/youtube/Upcycle Shoes/Peaceful Read Outside in the Rain Relaxation mood/Peaceful Read Outside in the Rain Relaxation mood.mp4
279990018	/Volumes/HDD - One Touch/WEBDL/_4KDownloader/Medical ASMR Archive/104. 385 - Unintentional ASMR - Assessment   Exam   Head to Toe.mkv
279945589	/Volumes/HDD - One Touch/WEBDL/youtube/ariella/dirty white socks in parking garage on a rainy day/Kristina in a beautiful outdoor pool #swimingpool.mp4
279455530	/Volumes/HDD - One Touch/WEBDL/youtube/PhoeBe Faith💋/Part 2/Part 2.mp4
278106805	/Volumes/HDD - One Touch/WEBDL/_4KDownloader/Feet girls/97. The Sensation Of Cool Sheets On Bare Feet.mkv
277230018	/Volumes/HDD - One Touch/WEBDL/_Keep2Share/Webcam girls show off their alluring dignity - Page 6 - Amateur Voyeur Forum/WebCamVideos003990.mp4
277230018	/Volumes/HDD - One Touch/WEBDL/_Keep2Share/Webcam girls show off their alluring dignity - Page 9 - Amateur Voyeur Forum/WebCamVideos004293.mp4
277081860	/Volumes/HDD - One Touch/WEBDL/youtube/NisaSoles/American Dream Goddess Soles/Sexy Soles Creaming.mp4
276786294	/Volumes/HDD - One Touch/WEBDL/imports/videodownloadhelper/103._Sochi_Russia_Beach._Сочи_Лазаревское_Пляж_🌞🌴🇷🇺_1u74x1c_1cnq1rs.mkv
276253759	/Volumes/HDD - One Touch/WEBDL/footfetishforum/Candid Feet Hot Maturewoman With Sandals On Train/Nylon legs in the the grass. [153935493].mp4
276253759	/Volumes/HDD - One Touch/WEBDL/patreon/unknown/Candid feet _ Patreon/Nylon legs in the the grass. [153935493].mp4
276225239	/Volumes/HDD - One Touch/WEBDL/youtube/ariella/dirty white socks in parking garage on a rainy day/Enjoy The Beautiful Weather Outdoor Swimming.mp4
276197178	/Volumes/HDD - One Touch/WEBDL/_4KDownloader/Medical ASMR Archive/129. 360 - Unintentional ASMR - Assessment   Exam   Head to Toe.mkv
275682764	/Volumes/HDD - One Touch/WEBDL/_4KDownloader/hub/1002/Foot Watch 👀 dry heel flip flop slapping [ELK4SBJNqek].webm
274339201	/Volumes/HDD - One Touch/WEBDL/imports/videodownloadhelper/12._Aglaya_Tarasova_FEET_Compilation_1a4yc65_17xoahl.mkv
274339200	/Volumes/HDD - One Touch/WEBDL/_4KDownloader/Feet & Soles/15. Aglaya Tarasova FEET Compilation.mkv
273491295	/Volumes/HDD - One Touch/WEBDL/_4KDownloader/hub/1338/POV： CRAZIEST Waterslide at ACTION Aquapark in Sunny Beach ｜ Waterpark in Bulgaria, Europe [OuE70KTKjfw].webm
273409262	/Volumes/HDD - One Touch/WEBDL/imports/videodownloadhelper/198._Batumi_Georgië_strand._Batumi_Georgia_Beach_☀️🌴🇬🇪_1vawqmz_1wf5w3l.mkv
273244219	/Volumes/HDD - One Touch/WEBDL/youtube/Mireia Martínez (mirmarher)/YOGA CHALLENGE DE 4 EXTREMO (Tania, Nerea, Ane y Mireia)/YOGA CHALLENGE DE 4 EXTREMO (Tania, Nerea, Ane y Mireia).mp4
272981321	/Volumes/HDD - One Touch/WEBDL/footfetishforum/Candid Feet Hot Maturewoman With Sandals On Train/Dirty boots soles view under seat. [152073605].mp4
272971244	/Volumes/HDD - One Touch/WEBDL/_Keep2Share/Webcam girls show off their alluring dignity - Page 3 - Amateur Voyeur Forum/WebCamVideos002537.mp4
272657043	/Volumes/HDD - One Touch/WEBDL/_4KDownloader/Medical ASMR Archive/45. 444 - Unintentional ASMR - Assessment   Exam   Head to Toe.mkv
272289938	/Volumes/HDD - One Touch/WEBDL/_4KDownloader/hub/1046/Pleasurable Moment Diary ｜ Feet Interview [JvCh24E7dAM].mkv
272046749	/Volumes/HDD - One Touch/WEBDL/_4KDownloader/Feet girls/460. ASMR Kitty paws walking sounds 🐈 My cat socks relaxing sounds.mkv
271988913	/Volumes/HDD - One Touch/WEBDL/youtube/ariella/dirty white socks in parking garage on a rainy day/Girl wet DC shoes in river walk.mp4
271780093	/Volumes/HDD - One Touch/WEBDL/youtube/ariella/dirty white socks in parking garage on a rainy day/Lulu got wet on a huge rock. Wet purple sweatshirt, wet leggings, wet socks.mp4
271442642	/Volumes/HDD - One Touch/WEBDL/youtube/OnlyFeet/Tiktok Feet Girl Compilation/Tiktok Feet Girl Compilation.mp4
271137655	/Volumes/HDD - One Touch/WEBDL/_4KDownloader/Medical ASMR Archive/4. 485 - Unintentional ASMR - Assessment   Exam   Head to Toe.mkv
270619563	/Volumes/HDD - One Touch/WEBDL/imports/videodownloadhelper/255._Amazing_Sunny_Day_at_the_Beach._Sochi_Russia._4K_🌴☀️_lt7261_282iob.mkv
269928725	/Volumes/HDD - One Touch/WEBDL/youtube/thread_23858/https___www.youtube.com_embed_Op-QkxGSkB0_wmode=opaque&start/Candid Goth Feet ⧸ Heels ｜ Uber Drive ⧸ Car Feet Preview #11 [Op-QkxGSkB0] [#60194].mp4
269875612	/Volumes/HDD - One Touch/WEBDL/youtube/Rida Poner/teen boot soles foot joi/I Went Barefoot Hiking In The Snow!.mp4
269624929	/Volumes/HDD - One Touch/WEBDL/CAM-GIRLS/videodownloadhelper/Two_Barefoot_Girls_In_Park_Having_Their_Feet_Worshiped_By_A_Stranger_foot_Worshi_ph2rrb.mp4
269474707	/Volumes/HDD - One Touch/WEBDL/_Keep2Share/Sexy Nudists on the Beach, Hidden Cam - Page 2 - Amateur Voyeur Forum/beachnudescvxhc124.mp4
269290669	/Volumes/HDD - One Touch/WEBDL/youtube/Feet University/Very beautiful and pretty girl soles/Very beautiful and pretty girl soles.mp4
269019355	/Volumes/HDD - One Touch/WEBDL/youtube/ariella/dirty white socks in parking garage on a rainy day/Adidas superstar chocolate Sundae 🤗.mp4
268902269	/Volumes/HDD - One Touch/WEBDL/youtube/Thu Duc Travel/Đặc Sản Kiên Giang I Trailer Đến Kiên Giang bạn sẽ ăn những món gì, mua gì làm quà_ I Video 4K/Đặc Sản Kiên Giang I Trailer Đến Kiên Giang bạn sẽ ăn những món gì, mua gì làm quà？ I Video 4K.mp4
268885756	/Volumes/HDD - One Touch/WEBDL/zishy/unknown/Jupiter Stassy Nyam Nyam Vid - Zishy/Jupiter Stassy Nyam Nyam Vid - Zishy (1) [2681-jupiter-stassy-nyam-nyam-vid-1].mp4
268397736	/Volumes/HDD - One Touch/WEBDL/imports/videodownloadhelper/18._YOGA_CHALLENGE_MIT_MEINER_SCHWESTER_-_How_to_break_deinen_ver!ic$ten_Rücken�_147wq27.mkv
267955501	/Volumes/HDD - One Touch/WEBDL/_4KDownloader/Feet girls/465. TAG DE LOS PIES EL VIDEO QUE TANTO ME PEDÍAN 😍👣🦶🏻#4.mkv
267574864	/Volumes/HDD - One Touch/WEBDL/_Keep2Share/Onlyfans - PLAYING WITH MY TOY AND SUCKING HIS BIG DICK DickforJuicy DickforJuicy (FullHD⁄1080p⁄255 MB) » Free downloadable sexual content in HD quality/271_PLAYING_WITH_MY_TOY_AND_SUCKING_HIS_BIG_DICK__DickforJuicy__DickforJuicy______freesite.mp4
267278672	/Volumes/HDD - One Touch/WEBDL/youtube/ariella/dirty white socks in parking garage on a rainy day/Wetlook 69 Kris Shooting underwater.mp4
267101857	/Volumes/HDD - One Touch/WEBDL/telegram/chat_2594686490/IMG_9529.MP4
267019619	/Volumes/HDD - One Touch/WEBDL/_Keep2Share/private shooting nude beaches around the world - Page 6 - Amateur Voyeur Forum/2teens3.mp4
266775254	/Volumes/HDD - One Touch/WEBDL/_4KDownloader/Medical ASMR Archive/121. 368 - Unintentional ASMR - Assessment   Exam   Head to Toe.mkv
266471610	/Volumes/HDD - One Touch/WEBDL/footfetishforum/Candid Feet Hot Maturewoman With Sandals On Train/Strong high heel boots under seat. [152071706].mp4
266152027	/Volumes/HDD - One Touch/WEBDL/CAM-GIRLS/Chatroulette/Chatroulette Webcam girls feet 12.mp4
266087161	/Volumes/HDD - One Touch/WEBDL/footfetishforum/Candid Feet Hot Maturewoman With Sandals On Train/Very sexy high heel boot, cocodrile texture, pointed and dirty soles push seat. [152158816].mp4
265114950	/Volumes/HDD - One Touch/WEBDL/youtube/SENSA 2026/Joline tik tok/Joline tik tok.mp4
265110239	/Volumes/HDD - One Touch/WEBDL/imports/videodownloadhelper/120._Watching_a_Movie_–_Pretty_Soles_Up_Close_😌🦶_ohus5o.mkv
263639102	/Volumes/HDD - One Touch/WEBDL/youtube/Upcycle Shoes/Upcycle Shoes_ Summers Sandals bundle (SOLD)/Upcycle Shoes： Summers Sandals bundle (SOLD).mp4
261682972	/Volumes/HDD - One Touch/WEBDL/_4KDownloader/Medical ASMR Archive/221. 268 - Unintentional ASMR - Assessment   Exam   Head to Toe.mkv
261570189	/Volumes/HDD - One Touch/WEBDL/zishy/unknown/agos_firenze_floral/agos_firenze_floral.mp4
261496570	/Volumes/HDD - One Touch/WEBDL/_Keep2Share/private shooting nude beaches around the world - Page 6 - Amateur Voyeur Forum/DSCN9797.mp4
261202905	/Volumes/HDD - One Touch/WEBDL/imports/videodownloadhelper/125._The_Worlds_Prettiest_Feet_slnljr.mkv
260894675	/Volumes/HDD - One Touch/WEBDL/beauty-angels/unknown/Beauty-Angels_Elizabeth_Evans_854x480/Beauty-Angels_Elizabeth_Evans_854x480.mp4
260396388	/Volumes/HDD - One Touch/WEBDL/youtube/Rida Poner/teen boot soles foot joi/Words of Wisdom from Miss K.mp4
260239314	/Volumes/HDD - One Touch/WEBDL/imports/videodownloadhelper/274._Cyprus_Limassol_Beach_Walk_☀️🌴🇨🇾_4K_1e8aqng_e6o6cb.mkv
259869650	/Volumes/HDD - One Touch/WEBDL/_4KDownloader/Medical ASMR Archive/58. 431 - Unintentional ASMR - Assessment   Exam   Head to Toe.mkv
259646666	/Volumes/HDD - One Touch/WEBDL/youtube/Socks Anon/(prev) Talia tickled on the phone/Summer of the Blonds, Candid Soles.mp4
259493028	/Volumes/HDD - One Touch/WEBDL/youtube/Pretty Feet Toes And Soles/foot reflexology and stretching @Bellasyourgod/12. Februar 2026.mp4
259383378	/Volumes/HDD - One Touch/WEBDL/youtube/ASMR ДОНСКОЙ КОСТОПРАВ/ASMR нет НА приём записи!!! dariger/ASMR нет НА приём записи!!! dariger.mp4
259300028	/Volumes/HDD - One Touch/WEBDL/_4KDownloader/hub/1125/DARE TO SPLASH？! FUN Waterslide Adventure at World's LARGEST Water Park Aquaventure in Dubai [_YqAIL3qxyI].webm
259173305	/Volumes/HDD - One Touch/WEBDL/_Keep2Share/Keep2Share - Best 2019 sexy milf legs teen toes amar voyeur candid feet 25.mp4/berrryjelly pussy spank and feetlicking.mp4
259109939	/Volumes/HDD - One Touch/WEBDL/imports/videodownloadhelper/114._Cozy_Night_Routine_🌙_Live_Relax_&_Unwind_Soles_Up_1po9u1u.mkv
258998308	/Volumes/HDD - One Touch/WEBDL/youtube/kaplan Candid Feet/Study session - kaplanshopcandids - Library candid feet (Not My Work) - READ DESCRIPTION/Study session -  kaplanshopcandids - Library candid feet (Not My Work) - READ DESCRIPTION.mov
258834451	/Volumes/HDD - One Touch/WEBDL/footfetishforum/Candid Feet Hot Maturewoman With Sandals On Train/Candid slippers dangling on street. [152787967].mp4
258807531	/Volumes/HDD - One Touch/WEBDL/youtube/NisaSoles/Russian Young Girl Nylon Soles/Russian Young Girl Nylon Soles.mp4
258558628	/Volumes/HDD - One Touch/WEBDL/_4KDownloader/Feet girls/134. Feet JOI foot heels beautiful.mkv
258348113	/Volumes/HDD - One Touch/WEBDL/imports/videodownloadhelper/Candid_feet_skinny_blonde_long_soles_1wfmnen.mkv
258348113	/Volumes/HDD - One Touch/WEBDL/imports/videodownloadhelper/Candid_feet_skinny_blonde_long_soles_(1)_tubyql.mkv
258330975	/Volumes/HDD - One Touch/WEBDL/imports/videodownloadhelper/201._Chatty_Girl_Energy_Singing_&_Cozy_Vibes_🎵🌿_d2mk4b.mkv
256593081	/Volumes/HDD - One Touch/WEBDL/patreon/unknown/Candid feet _ Patreon/Slippers dangling dangling out of bar, nice feet bareheels close-up. [153612206].mp4
256593081	/Volumes/HDD - One Touch/WEBDL/footfetishforum/Candid Feet Hot Maturewoman With Sandals On Train/Slippers dangling dangling out of bar, nice feet bareheels close-up. [153612206].mp4
256526988	/Volumes/HDD - One Touch/WEBDL/_Keep2Share/Webcam girls show off their alluring dignity - Page 7 - Amateur Voyeur Forum/WebCamVideos003811.mp4
256480826	/Volumes/HDD - One Touch/WEBDL/_Keep2Share/private shooting nude beaches around the world - Page 5 - Amateur Voyeur Forum/DSCN9662.mp4
256382748	/Volumes/HDD - One Touch/WEBDL/_4KDownloader/Medical ASMR Archive/17. 472 - Unintentional ASMR - Assessment   Exam   Head to Toe.mkv
256238002	/Volumes/HDD - One Touch/WEBDL/youtube/ariella/dirty white socks in parking garage on a rainy day/Wet Brown Sandal.mp4
256180058	/Volumes/HDD - One Touch/WEBDL/_Keep2Share/Webcam girls show off their alluring dignity - Page 9 - Amateur Voyeur Forum/WebCamVideos003941.mp4
256113488	/Volumes/HDD - One Touch/WEBDL/_4KDownloader/hub/228/A Sunny Day in the Park with My Black Ped Socks [egtr-9ahUHM].webm
256103178	/Volumes/HDD - One Touch/WEBDL/_4KDownloader/Feet girls/288. Foot women of 48 year old. Bare Soles.mkv
255964176	/Volumes/HDD - One Touch/WEBDL/youtube/ariella/dirty white socks in parking garage on a rainy day/Cleaning Our Backyard ｜ I love Beach.mp4
255597908	/Volumes/HDD - One Touch/WEBDL/footfetishforum/Candid Feet Dangling And Slippers/Baresoles 's lady view in the park. [154789120].mp4
255383425	/Volumes/HDD - One Touch/WEBDL/youtube/Rida Poner/teen boot soles foot joi/Hike ｜ 27⧸52.mp4
255135906	/Volumes/HDD - One Touch/WEBDL/youtube/ariella/dirty white socks in parking garage on a rainy day/Katka swims in sweater and jeans.mp4
254837520	/Volumes/HDD - One Touch/WEBDL/zishy/unknown/keely_rose_showers/keely_rose_showers.mp4
254256622	/Volumes/HDD - One Touch/WEBDL/_4KDownloader/Medical ASMR Archive/188. 301 - Unintentional ASMR - Assessment   Exam   Head to Toe.mkv
254053970	/Volumes/HDD - One Touch/WEBDL/imports/videodownloadhelper/186._Cozy_At-Home_Vibes_Relaxing_Lounge_Moment_🌿_pal1o3.mkv
253857424	/Volumes/HDD - One Touch/WEBDL/tubesafari/aurasky/horny kitten sucks feet and dildo 4 you/horny kitten sucks feet and dildo 4 you [ph577bb52041156].mp4
253754797	/Volumes/HDD - One Touch/WEBDL/_4KDownloader/Feet girls/333. Ran Massaging His Own Sore Soles Gently.mkv
253654360	/Volumes/HDD - One Touch/WEBDL/_4KDownloader/My Holiday Diary/68. Pattaya Nightlife Soi 6 Walking -Clup Girls Pattaya Sio Six.mp4
253513211	/Volumes/HDD - One Touch/WEBDL/imports/videodownloadhelper/203._Soft_&_Unbothered_Relaxing_Lounge_Poses_🖤_2d41vi.mkv
253196841	/Volumes/HDD - One Touch/WEBDL/MEGA/Buyer's good shi/1_5021739611467023323.m4v
252994923	/Volumes/HDD - One Touch/WEBDL/_4KDownloader/hub/29/Candid Mature Blonde Girl Feet Barefoot Part 2 [Doj89_x-vIo].webm
252994923	/Volumes/HDD - One Touch/WEBDL/_4KDownloader/hub/49/Candid Mature Blonde Girl Feet Barefoot Part 2 [Doj89_x-vIo].webm
252916087	/Volumes/HDD - One Touch/WEBDL/_Keep2Share/Keep2Share - Best 2019 sexy milf legs teen toes amar voyeur candid feet 25.mp4/doflMIFMPEG-4.mp4
252567696	/Volumes/HDD - One Touch/WEBDL/youtube/thread_23858/https___www.youtube.com_embed_QP9E-EtWBIU_wmode=opaque&start/Candid Goth Feet ｜ Uber Drive ⧸ Car Feet Preview #10 [QP9E-EtWBIU].mp4
251822861	/Volumes/HDD - One Touch/WEBDL/CAM-GIRLS/videodownloadhelper/footjob_na_het_werk_1tbqory.mp4
251284790	/Volumes/HDD - One Touch/WEBDL/_4KDownloader/Medical ASMR Archive/179. 310 - Unintentional ASMR - Assessment   Exam   Head to Toe.mkv
251050599	/Volumes/HDD - One Touch/WEBDL/zishy/unknown/victoria_ramos_bath/victoria_ramos_bath.mp4
251050599	/Volumes/HDD - One Touch/WEBDL/zishy/Victoria Ramos/Victoria Ramos Tango Porteno 2 - Zishy/Victoria Ramos Tango Porteno 2 - Zishy (1) [2562-victoria-ramos-tango-porteno-2-1].mp4
250650850	/Volumes/HDD - One Touch/WEBDL/_Keep2Share/Webcam girls show off their alluring dignity - Page 4 - Amateur Voyeur Forum/WebCamVideos002633.mp4
250611344	/Volumes/HDD - One Touch/WEBDL/youtube/SP Vault 2/Catchemallcandids Candid Feet Shoeplay in Vans/Catchemallcandids Candid Feet Shoeplay in Vans.mp4
250501712	/Volumes/HDD - One Touch/WEBDL/youtube/Bratty Baddie/_SNOWBUNNY JOI FEET SOLES GIRL TOES_ ‎/＂SNOWBUNNY JOI FEET SOLES GIRL TOES＂ ‎ [ohJhcMPqG7I].mp4
250441448	/Volumes/HDD - One Touch/WEBDL/footfetishforum/Candid Feet Hot Maturewoman With Sandals On Train/Amazing crossed legs with strong boots. [152702453].mp4
250294096	/Volumes/HDD - One Touch/WEBDL/youtube/ProWater/Water Slides at Duja Hotel Water Park, Didim, Turkey #waterpark #waterslide/Water Slides at Duja Hotel Water Park, Didim, Turkey #waterpark #waterslide.mov
249959925	/Volumes/HDD - One Touch/WEBDL/CAM-GIRLS/xvideos/unknown/SEXY FEET CAM COMPILATION #3 - TWEETCAMS.COM/SEXY FEET CAM COMPILATION #3 - TWEETCAMS.COM [kikomov23db].mp4
249959114	/Volumes/HDD - One Touch/WEBDL/_Keep2Share/Flashing in Videochat (Skype, Omegle, Chatroulette etc.) - Page 12/webcam omegle flashing 1.mp4
249850693	/Volumes/HDD - One Touch/WEBDL/_4KDownloader/hub/1153/DARE TO SPLASH？! FUN Waterslide Adventure at Europe’s LARGEST Water Park Aquaparadise in Nessebar [xE_WBEsT7qM].webm
249643205	/Volumes/HDD - One Touch/WEBDL/_4KDownloader/Medical ASMR Archive/32. 457 - Unintentional ASMR - Assessment   Exam   Head to Toe.mkv
249608826	/Volumes/HDD - One Touch/WEBDL/_4KDownloader/hub/1073/POV： CRAZIEST Waterslide at Aquapark Nessebar Waterpark ｜ Zebra Black Hole Waterslide [h5u5zq020bc].webm
249578750	/Volumes/HDD - One Touch/WEBDL/beauty-angels/unknown/Beauty-Angels_Amalia_Davis_854x480/Beauty-Angels_Amalia_Davis_854x480.mp4
249298992	/Volumes/HDD - One Touch/WEBDL/tiktok/@scarlett.ki/🖤Scarlett-NextDoorNerd📚 (@scarlett.ki) is LIVE - TikTok LIVE/recording_tiktok_@scarlett.ki_🖤Scarlett-NextDoorNerd📚 (@scarlett.ki) is LIVE - TikTok LIVE_2026-03-05T21-50-21-919Z_raw.mp4
248899225	/Volumes/HDD - One Touch/WEBDL/footfetishforum/Candid Feet Hot Maturewoman With Sandals On Train/Bratty dirty boots and nylon legs. [152247973].mp4
248714954	/Volumes/HDD - One Touch/WEBDL/CAM-GIRLS/_Downloads te importeren/Naughty student 18 Got A Bad Score From Her Teacher Mr. Brand An.mp4
248683463	/Volumes/HDD - One Touch/WEBDL/youtube/CrushFetish_8989 Sofia Armazzi/Crush cartonboxes with my black Jenny Fairy sandals #SOFIAARMAZZI/Crush cartonboxes with my black Jenny Fairy sandals #SOFIAARMAZZI [3UtIwHFej3Y].mp4
248552073	/Volumes/HDD - One Touch/WEBDL/youtube/Faith Ann/CRYBABY HAUL ✨/CRYBABY HAUL ✨.mp4
248252454	/Volumes/HDD - One Touch/WEBDL/omegleporn/unknown/Omegle/Omegle [38886].mp4
247844996	/Volumes/HDD - One Touch/WEBDL/youtube/KinkyLyrical Barefoot Adventures/Driving in Sandals - View From Behind/Driving in Sandals - View From Behind [AWQIr6qfcVM].mp4
247615972	/Volumes/HDD - One Touch/WEBDL/imports/videodownloadhelper/194._Authentic_Classy_Arab_Sisters_at_a_Mall_cafeteria_Spot,_Subtle_Shoeplay_&_R_17995yz.mkv
247461756	/Volumes/HDD - One Touch/WEBDL/youtube/FeetGirlAddict/My Beautiful Feet For You/My Beautiful Feet For You.mp4
246823155	/Volumes/HDD - One Touch/WEBDL/zishy/unknown/jacie_verbena_eggz/jacie_verbena_eggz.mp4
246821545	/Volumes/HDD - One Touch/WEBDL/_4KDownloader/My Holiday Diary/33. Phuket Patong Beach Summer Holiday -Sea And Sand.mp4
246812482	/Volumes/HDD - One Touch/WEBDL/_4KDownloader/Medical ASMR Archive/22. 467 - Unintentional ASMR - Assessment   Exam   Head to Toe.mkv
246645284	/Volumes/HDD - One Touch/WEBDL/_4KDownloader/Feet girls/437. imz 21.mkv
246576274	/Volumes/HDD - One Touch/WEBDL/youtube/ariella/dirty white socks in parking garage on a rainy day/sexy wet jeans and DC shoes in pool fully clothed.mp4
246533028	/Volumes/HDD - One Touch/WEBDL/_Keep2Share/Webcam girls show off their alluring dignity - Page 10 - Amateur Voyeur Forum/WebCamVideos004432.mp4
245761884	/Volumes/HDD - One Touch/WEBDL/_4KDownloader/Medical ASMR Archive/133. 356 - Unintentional ASMR - Assessment   Exam   Head to Toe.mkv
245758053	/Volumes/HDD - One Touch/WEBDL/imports/videodownloadhelper/123._Latina_live_doing_yoga_in_nature_--_In_the_pose_1r2d425.mkv
245512079	/Volumes/HDD - One Touch/WEBDL/_Keep2Share/Sexy Nudists on the Beach, Hidden Cam - Page 2 - Amateur Voyeur Forum/beachnudescvxhc073.mp4
245462846	/Volumes/HDD - One Touch/WEBDL/_Keep2Share/Keep2Share - Best 2019 sexy milf legs teen toes amar voyeur candid feet 25.mp4/download496Z2.mp4
245426291	/Volumes/HDD - One Touch/WEBDL/youtube/NisaSoles/American Dream Goddess Soles/Black Hair Goddess Soles Show.mp4
245422586	/Volumes/HDD - One Touch/WEBDL/youtube/Feet, Socks and Shoes/Dirty Sock Tease _ Showing my feet [Part 1] + Countdown 🦶💝/Dirty Sock Tease ｜ Showing my feet [Part 1] + Countdown 🦶💝.mp4
245146271	/Volumes/HDD - One Touch/WEBDL/youtube/Arches Club/The Pose Stream _ Feet Hall of Fame (100)/The Pose Stream ｜ Feet Hall of Fame (100) [o116OrW-kCw].mp4
244682385	/Volumes/HDD - One Touch/WEBDL/Videodownloadhelper/Sidneys Giant Bare Feet Tease Long Toes Wrinkled Soles.mkv
244682385	/Volumes/HDD - One Touch/WEBDL/Videodownloadhelper/Sidneys Giant Bare Feet Tease Long Toes Wrinkled Soles(1).mkv
244467832	/Volumes/HDD - One Touch/WEBDL/youtube/unknown/Rick_Astley_-_Never_Gonna_Give_You_Up_Official_Video_4K_Remaster.mp4
244229840	/Volumes/HDD - One Touch/WEBDL/youtube/ariella/dirty white socks in parking garage on a rainy day/model Lera Denim suit.mp4
243758967	/Volumes/HDD - One Touch/WEBDL/Videodownloadhelper/girl licking feet Milf Lesbian Fetish Porn - SpankBang.mkv
243697278	/Volumes/HDD - One Touch/WEBDL/youtube/k5n3two/Ed Sheeran's Perfect Piano cover Pedal Request/Jazz dance ⧸ solo ⧸ Smooth Move 2023 - Wołczyn.mp4
243693621	/Volumes/HDD - One Touch/WEBDL/youtube/ariella/dirty white socks in parking garage on a rainy day/Women DC shoe play in pool and stomping.mp4
243472004	/Volumes/HDD - One Touch/WEBDL/_4KDownloader/Feet girls/464. Tag de los pies RESISTENCIA parte 2.mkv
243420452	/Volumes/HDD - One Touch/WEBDL/youtube/Chelle's Feet/Elevated Perch_ Topping a Barstool in thong sandals/Office Sandals [tI7vVa9m304].mp4
243301872	/Volumes/HDD - One Touch/WEBDL/_4KDownloader/Medical ASMR Archive/213. 276 - Unintentional ASMR - Assessment   Exam   Head to Toe.mkv
243226053	/Volumes/HDD - One Touch/WEBDL/imports/videodownloadhelper/65._NicoleShort_esb1vj.mkv
243218869	/Volumes/HDD - One Touch/WEBDL/tiktok/@mariiaviisa2000/mariiaviisa2000 (@mariiaviisa2000) is LIVE - TikTok LIVE/recording_tiktok_@mariiaviisa2000_mariiaviisa2000 (@mariiaviisa2000) is LIVE - TikTok LIVE_2026-05-01T00-59-20-295Z_raw.mp4
242690737	/Volumes/HDD - One Touch/WEBDL/CAM-GIRLS/videodownloadhelper/Naked_Milfs_Beach_Nudist_Couples_Voyeur_HD_Video_SPycam_-_zbporn_rz9x48.mp4
242604613	/Volumes/HDD - One Touch/WEBDL/_4KDownloader/Feet girls/14. Cq G.mkv
241958960	/Volumes/HDD - One Touch/WEBDL/tiktok/@naenaes_back/Nae Nae 💋😍 (@naenaes_back) is LIVE - TikTok LIVE/recording_tiktok_@naenaes_back_Nae Nae 💋😍 (@naenaes_back) is LIVE - TikTok LIVE_2026-05-01T07-32-02-788Z_raw.mp4
241878290	/Volumes/HDD - One Touch/WEBDL/youtube/ariella/dirty white socks in parking garage on a rainy day/Kate's DVS in dirty water + socks.mp4
241210264	/Volumes/HDD - One Touch/WEBDL/footfetishforum/Candid Feet Hot Maturewoman With Sandals On Train/Strong high heel dirty boot pointed against the seat. [152160879].mp4
241184326	/Volumes/HDD - One Touch/WEBDL/youtube/Reflexologist/Feet Reflexology and health interview/Feet Reflexology and  health interview.mp4
240938096	/Volumes/HDD - One Touch/WEBDL/_Keep2Share/Keep2Share - Best 2019 sexy milf legs teen toes amar voyeur candid feet 25.mp4/DOWNLOAD9viqbEKMM.mp4
240794332	/Volumes/HDD - One Touch/WEBDL/youtube/Socks Anon/(prev) Talia tickled on the phone/Candid Sole Bloopers Mix (4 Girls (1 Dirty Soles)).mp4
240724791	/Volumes/HDD - One Touch/WEBDL/_4KDownloader/hub/1089/POV： CRAZIEST Waterslide at Aquapark Nessebar Waterpark ｜ Rafting Slide Waterslide [_nV1o6icq-A].webm
240527860	/Volumes/HDD - One Touch/WEBDL/zishy/unknown/margo_vishnevska_mtn/margo_vishnevska_mtn.mp4
240285777	/Volumes/HDD - One Touch/WEBDL/youtube/Village girl kat/A Simple Reset Routine _ Folding Clothes, Cleaning & Quiet Moments/A Simple Reset Routine ｜ Folding Clothes, Cleaning & Quiet Moments.mp4
240166184	/Volumes/HDD - One Touch/WEBDL/_Keep2Share/Keep2Share - Best 2019 sexy milf legs teen toes amar voyeur candid feet 25.mp4/LnTzu.mp4
239825954	/Volumes/HDD - One Touch/WEBDL/_Keep2Share/Sexy Nudists on the Beach, Hidden Cam - Page 3 - Amateur Voyeur Forum/beachnudescvxhc154.mp4
239825954	/Volumes/HDD - One Touch/WEBDL/_Keep2Share/Keep2Share - Recommended videos/kinky-fetishes.porn_6FGa.mp4
238512143	/Volumes/HDD - One Touch/WEBDL/youtube/Kat x/HD soles scrunching and flexing/double dangling and show her feet [fhbK0a6-6kk].mp4
238512143	/Volumes/HDD - One Touch/WEBDL/youtube/Feet Bra/Franciely Freduzeski Pés_Solas Feet_Soles #1/double dangling and show her feet [fhbK0a6-6kk].mp4
238512143	/Volumes/HDD - One Touch/WEBDL/youtube/Allyoucanfeet/Victoria - Barefoot in the Kitchen/double dangling and show her feet [fhbK0a6-6kk].mp4
238332997	/Volumes/HDD - One Touch/WEBDL/youtube/Podiatry 101/Podiatry Interview #16/double dangling and show her feet.mp4
238267761	/Volumes/HDD - One Touch/WEBDL/onlyfans/peachyprime/peachyprime/Posts/Videos/tempvid_2975284068_694901536.part
238059553	/Volumes/HDD - One Touch/WEBDL/_4KDownloader/Medical ASMR Archive/161. 328 - Unintentional ASMR - Assessment   Exam   Head to Toe.mkv
237989016	/Volumes/HDD - One Touch/WEBDL/_4KDownloader/hub/26/[ASMR] Be Lazy with me ｜ Teri ASMR [SGdhI23L53I].mkv
237920013	/Volumes/HDD - One Touch/WEBDL/_Keep2Share/Sexy Nudists on the Beach, Hidden Cam - Page 8 - Amateur Voyeur Forum/beachnudescvxhc062.mp4
237920013	/Volumes/HDD - One Touch/WEBDL/_Keep2Share/Keep2Share - Recommended videos/894_hd.mp4
237616266	/Volumes/HDD - One Touch/WEBDL/_4KDownloader/My Holiday Diary/3. SOi 6 Walking Tour PATTAYA THAILAND.mp4
237535535	/Volumes/HDD - One Touch/WEBDL/_4KDownloader/Medical ASMR Archive/169. 320 - Unintentional ASMR - Assessment   Exam   Head to Toe.mkv
237005832	/Volumes/HDD - One Touch/WEBDL/_4KDownloader/Medical ASMR Archive/166. 323 - Unintentional ASMR - Assessment   Exam   Head to Toe.mkv
236610408	/Volumes/HDD - One Touch/WEBDL/footfetishforum/Candid Feet Dangling And Slippers/Sandals stiletto, amazing heel close-up. Nice arched feet and crosse ankles. [154721276].mp4.part
236454461	/Volumes/HDD - One Touch/WEBDL/youtube/NisaSoles/American Dream Goddess Soles/Random TikTok Girl Soles.mp4
236438758	/Volumes/HDD - One Touch/WEBDL/imports/videodownloadhelper/108._Live_Gaming_Night_🎮_Soles_up_g06y4z.mkv
236321459	/Volumes/HDD - One Touch/WEBDL/_4KDownloader/hub/1471/POV： CRAZIEST Waterslide at Aquapark Nessebar Waterpark ｜ Tsunami Waterslide Tsunami [_ZIY6RGDUCk].webm
236241822	/Volumes/HDD - One Touch/WEBDL/youtube/Jim Bob/Erica's sneakers/Erica's sneakers [OZ1ESPH-AEw].mp4
236008581	/Volumes/HDD - One Touch/WEBDL/_4KDownloader/Medical ASMR Archive/1. 39 - Unintentional ASMR - Assessment   Exam   Head to Toe.mkv
235786103	/Volumes/HDD - One Touch/WEBDL/CAM-GIRLS/xvideos/unknown/SEXY FEET CAM COMPILATION - TWEETCAMS.COM/SEXY FEET CAM COMPILATION - TWEETCAMS.COM [kikomhdce12].mp4
235779101	/Volumes/HDD - One Touch/WEBDL/youtube/SolesWrld/Relaxed black toes & feet on the bed resting/Relaxed black toes & feet on the bed resting [cspt1uUBWn0].mp4
235715003	/Volumes/HDD - One Touch/WEBDL/_Keep2Share/Keep2Share - Home/pornvideotube.online_pSxlmYnM.mp4
235573793	/Volumes/HDD - One Touch/WEBDL/youtube/ariella/dirty white socks in parking garage on a rainy day/Initiating a new pair of socks in the river, Pink Under Armor ankle socks.mp4
234558085	/Volumes/HDD - One Touch/WEBDL/_Keep2Share/Webcam girls show off their alluring dignity - Page 3 - Amateur Voyeur Forum/WebCamVideos002788.mp4
234543147	/Volumes/HDD - One Touch/WEBDL/youtube/LEYNA Legit/Wake Up Feet ☀️ Anita's Surprise _ Tickling & Scratching ASMR (With Laughing) ❤️/Wake Up Feet ☀️ Anita's Surprise ｜ Tickling & Scratching ASMR (With Laughing) ❤️.mp4
234527921	/Volumes/HDD - One Touch/WEBDL/_4KDownloader/Medical ASMR Archive/205. 284 - Unintentional ASMR - Assessment   Exam   Head to Toe.mkv
233809924	/Volumes/HDD - One Touch/WEBDL/imports/videodownloadhelper/124._Peaceful_Pose_Relax_Mode_tiktok_live_no_audio_1iddph1.mkv
233451648	/Volumes/HDD - One Touch/WEBDL/imports/videodownloadhelper/131._Relaxed_black_toes_&_feet_on_the_bed_resting_1hhpm9d.mkv
233308196	/Volumes/HDD - One Touch/WEBDL/youtube/Feet University/beautiful tanned feet live/beautiful tanned feet live.mov
232996037	/Volumes/HDD - One Touch/WEBDL/imports/videodownloadhelper/161._Soft_Soles_&_Feet_Live_Close-Up_Moment_41kisc.mkv
232796942	/Volumes/HDD - One Touch/WEBDL/footfetishforum/Candid Feet Hot Maturewoman With Sandals On Train/Beauty woman in slippers feet [152961661].mp4
232360411	/Volumes/HDD - One Touch/WEBDL/_Keep2Share/Webcam girls show off their alluring dignity - Page 4 - Amateur Voyeur Forum/WebCamVideos003132.mp4
232232914	/Volumes/HDD - One Touch/WEBDL/_4KDownloader/Medical ASMR Archive/24. 465 - Unintentional ASMR - Assessment   Exam   Head to Toe.mkv
231842093	/Volumes/HDD - One Touch/WEBDL/_Keep2Share/Forumophilia - PORN FORUM ; Lovely women's legs in Foot fetish video - Page 366/footfetish_behind_the_scenes_with_riley_reid.mp4
231787218	/Volumes/HDD - One Touch/WEBDL/imports/videodownloadhelper/119._Sochi_Russia_Beach._Сочи_Лазаревское_Пляж_🌞🌴_1ywxq44_1nal1pz.mkv
231736571	/Volumes/HDD - One Touch/WEBDL/_4KDownloader/hub/1431/POV： CRAZIEST Waterslide at ACTION Aquapark in Sunny Beach ｜ Waterpark in Bulgaria, Europe [ySbw0dCcWG0].webm
231343433	/Volumes/HDD - One Touch/WEBDL/imports/videodownloadhelper/27._Spaß_Turn_Challenge_😆_ich_muss_turnen_was_Kiara_vormacht_🤸‍♀️_Haley's_Turn_aaw5v1.mkv
231098580	/Volumes/HDD - One Touch/WEBDL/_4KDownloader/Feet girls/346. Perfect amateur soles.mkv
230440423	/Volumes/HDD - One Touch/WEBDL/youtube/Rida Poner/teen boot soles foot joi/Car Question ｜ Ep. 21.mp4
230020445	/Volumes/HDD - One Touch/WEBDL/youtube/Chelle's Feet/Elevated Perch_ Topping a Barstool in thong sandals/Office Sandals Low angle [BxoBbKDxhFM].mp4
229848585	/Volumes/HDD - One Touch/WEBDL/imports/videodownloadhelper/59._Laying_down_in_the_pose_1me7tlb.mkv
229826108	/Volumes/HDD - One Touch/WEBDL/imports/videodownloadhelper/66._Sandalia_Arezzo_Feminina_Rasteirinhas_Confortavel_Original_1p9pcti.mkv
229747063	/Volumes/HDD - One Touch/WEBDL/patreon/unknown/Candid feet _ Patreon/Beauty woman in slippers, nice feet on train. [153282721].mp4
229747063	/Volumes/HDD - One Touch/WEBDL/patreon/unknown/Candid feet _ Patreon/Beauty woman in slippers, nice feet on train. [153282721] [#62320].mp4
229747063	/Volumes/HDD - One Touch/WEBDL/footfetishforum/Candid Feet Hot Maturewoman With Sandals On Train/Beauty woman in slippers, nice feet on train. [153282721].mp4
229725469	/Volumes/HDD - One Touch/WEBDL/_Keep2Share/Sexy Nudists on the Beach, Hidden Cam - Amateur Voyeur Forum/beachnudescvxhc123.mp4
229541919	/Volumes/HDD - One Touch/WEBDL/_4KDownloader/Feet girls/280. College Girl Feet, Soles and Toes Compilation.mkv
229513805	/Volumes/HDD - One Touch/WEBDL/zishy/unknown/skyla_kirch_numb/skyla_kirch_numb.mp4
229490215	/Volumes/HDD - One Touch/WEBDL/_4KDownloader/Feet girls/314. Latina Soles Ignore.mkv
227927010	/Volumes/HDD - One Touch/WEBDL/youtube/Mathilde Waale/The Yoga Challenge/Yoga Challenge mit BESTRAFUNG😱!!Teil 1.mp4
227701446	/Volumes/HDD - One Touch/WEBDL/imports/videodownloadhelper/5._Yoga_Challenge_mit_BESTRAFUNG😱!!Teil_1_q3fza5.mkv
227657524	/Volumes/HDD - One Touch/WEBDL/imports/videodownloadhelper/192._Peaceful_Park_Break_–_Calm_&_Silent_Lifestyle_Moment_cyew72.mkv
227580514	/Volumes/HDD - One Touch/WEBDL/footfetishforum/thread_13373/Cam Girls Feet Content _ Foot Fetish Forum - The Feet Lover Community/MnREdbtL [MnREdbtL].mp4
227496196	/Volumes/HDD - One Touch/WEBDL/imports/videodownloadhelper/19._Foot_tapping_in_Sandals_Foot_Play_Asmr_1it3mu5.mkv
227285586	/Volumes/HDD - One Touch/WEBDL/_4KDownloader/hub/1168/DARE TO SPLASH？! FUN Waterslide Adventure at Europe’s LARGEST Water Park Aquaparadise in Nessebar [9IjnNHdiXmo].webm
227142934	/Volumes/HDD - One Touch/WEBDL/_4KDownloader/Medical ASMR Archive/127. 362 - Unintentional ASMR - Assessment   Exam   Head to Toe.mkv
226956821	/Volumes/HDD - One Touch/WEBDL/_4KDownloader/Medical ASMR Archive/125. 364 - Unintentional ASMR - Assessment   Exam   Head to Toe.mkv
226652176	/Volumes/HDD - One Touch/WEBDL/youtube/NisaSoles/American Dream Goddess Soles/Sexy Feet Soles.mp4
226592410	/Volumes/HDD - One Touch/WEBDL/_4KDownloader/Medical ASMR Archive/116. 373 - Unintentional ASMR - Assessment   Exam   Head to Toe.mkv
226352611	/Volumes/HDD - One Touch/WEBDL/CAM-GIRLS/videodownloadhelper/eporner/unknown/foot fetish/foot fetish [4uYllb02eyn].mp4.part
226332290	/Volumes/HDD - One Touch/WEBDL/youtube/Mathilde Waale/The Yoga Challenge/Danke für so viele tolle Geschenke 🎁 jede Menge Fanpost 🤩.mp4
225898368	/Volumes/HDD - One Touch/WEBDL/xvideos/unknown/23/23 [itpkdfk626b].mp4
225789475	/Volumes/HDD - One Touch/WEBDL/_4KDownloader/Feet girls/407. Pretty Toes That Mean Business.mkv
225631639	/Volumes/HDD - One Touch/WEBDL/imports/videodownloadhelper/16._Danke_für_so_viele_tolle_Geschenke_🎁_jede_Menge_Fanpost_🤩_1upnkzk.mkv
225297953	/Volumes/HDD - One Touch/WEBDL/youtube/Erika ThyGoddess/For The Love Of Feet- Foot Fetish/For The Love Of Feet- Foot Fetish [C-srougPQzw].mp4
225240089	/Volumes/HDD - One Touch/WEBDL/youtube/3×8 Women's Diving&ArtisticSwimming TV/Women's Diving _ 3x8TV's Italiano Open Torino 3m Highlights _ #diving #tuffi/Women's Diving ｜ Young and beautiful Ukrainian divers ｜ 3x8 TV's Selection  #diving [3spiyEYYnVI].mp4
225240089	/Volumes/HDD - One Touch/WEBDL/youtube/3×8 Women's Diving&ArtisticSwimming TV/Women's Diving _ Armstand Dive (Handstand Dive​)｜ 3x8 TV's Selection #diving/Women's Diving ｜ Young and beautiful Ukrainian divers ｜ 3x8 TV's Selection  #diving [3spiyEYYnVI].mp4
225240089	/Volumes/HDD - One Touch/WEBDL/youtube/3×8 Women's Diving&ArtisticSwimming TV/Women's Diving _ [Part2] Young and beautiful German divers ｜ 3x8 TV's Selection #diving/Women's Diving ｜ Young and beautiful Ukrainian divers ｜ 3x8 TV's Selection  #diving [3spiyEYYnVI].mp4
225240089	/Volumes/HDD - One Touch/WEBDL/youtube/3×8 Women's Diving&ArtisticSwimming TV/Women's Diving _ [Part1] Young and beautiful German divers ｜ 3x8 TV's Selection #diving/Women's Diving ｜ Young and beautiful Ukrainian divers ｜ 3x8 TV's Selection  #diving [3spiyEYYnVI].mp4
225240089	/Volumes/HDD - One Touch/WEBDL/youtube/3×8 Women's Diving&ArtisticSwimming TV/Women's Diving _ [Part2] Young and beautiful Spanish divers ｜ 3x8 TV's Selection #diving/Women's Diving ｜ Young and beautiful Ukrainian divers ｜ 3x8 TV's Selection  #diving [3spiyEYYnVI].mp4
225240089	/Volumes/HDD - One Touch/WEBDL/youtube/3×8 Women's Diving&ArtisticSwimming TV/Women's Diving _ [Part1] Young and beautiful Spanish divers ｜ 3x8 TV's Selection #diving/Women's Diving ｜ Young and beautiful Ukrainian divers ｜ 3x8 TV's Selection  #diving [3spiyEYYnVI].mp4
225240089	/Volumes/HDD - One Touch/WEBDL/youtube/3×8 Women's Diving&ArtisticSwimming TV/Women's Diving _ Young and beautiful Ukrainian divers ｜ 3x8 TV's Selection #diving/Women's Diving ｜ Young and beautiful Ukrainian divers ｜ 3x8 TV's Selection  #diving [3spiyEYYnVI].mp4
225137521	/Volumes/HDD - One Touch/WEBDL/youtube/Public Girls Feet Interviews/Public Girls Feet Interview after her morning run - more on website/Public Girls Feet Interview after her morning run - more on website.mov
224613593	/Volumes/HDD - One Touch/WEBDL/_4KDownloader/Reflexologist/13. Reflexology at the shoe store doing an exercise.mkv
224397250	/Volumes/HDD - One Touch/WEBDL/imports/videodownloadhelper/193._Sweet_Girl_🌸_Chill_Chat_+_Soft_soles_Focus_1ghtxbu.mkv
224114878	/Volumes/HDD - One Touch/WEBDL/imports/videodownloadhelper/106._Barefoot_Platform_Slides_Shoeplay_Wine_Tasting,_Sexy_Bare_Legs_Feet_Toes_Sh_zhvdts.mkv
224042507	/Volumes/HDD - One Touch/WEBDL/youtube/NisaSoles/American Dream Goddess Soles/Paint and Soles.mp4
223378765	/Volumes/HDD - One Touch/WEBDL/imports/videodownloadhelper/199._Vionic_Orthotic_T-strap_Sandals_w_Adj._Ankle_Straps_-_Paden_on_QVC_7w71bg.mkv
222307564	/Volumes/HDD - One Touch/WEBDL/_4KDownloader/Feet girls/504. asian girl feet [24] 4K.mkv
222250790	/Volumes/HDD - One Touch/WEBDL/_4KDownloader/hub/1470/POV： CRAZIEST Waterslide at Aquapark Nessebar Waterpark ｜ Tsunami Waterslide Tsunami [2_WsF3-vFhg].webm
221975493	/Volumes/HDD - One Touch/WEBDL/youtube/k5n3two/Ed Sheeran's Perfect Piano cover Pedal Request/Wallis, Birdee - Full Time All The Time ft. 215maren.mp4
221602074	/Volumes/HDD - One Touch/WEBDL/_4KDownloader/Medical ASMR Archive/146. 343 - Unintentional ASMR - Assessment   Exam   Head to Toe.mkv
221429966	/Volumes/HDD - One Touch/WEBDL/youtube/FEET GR/Perla Vatiero/“Massaging Strangers’ Feet and Asking the Questions No One Asks” ｜ Zaddy therapy session 1 [MJnfmyqJB-o].mp4
220670574	/Volumes/HDD - One Touch/WEBDL/youtube/Upcycle Shoes/Upcycle Shoes_ Eliza's sneakers and sandals review/Upcycle Shoes：  Eliza's sneakers and sandals review.mp4
220639685	/Volumes/HDD - One Touch/WEBDL/youtube/LEYNA Legit/ASMR Tickling Sounds _ Anita LOL's From Sharp Nails 💅🏼/ASMR Tickling Sounds ｜ Anita LOL's From Sharp Nails 💅🏼.mp4
220238836	/Volumes/HDD - One Touch/WEBDL/youtube/Girls Artists Story/New Year's Tree 2/New Year's Tree 2.mp4
220182305	/Volumes/HDD - One Touch/WEBDL/imports/videodownloadhelper/25._EXTREME_COUPLES_YOGA_CHALLENGE!_fail_1e4w9ct.mkv
220022022	/Volumes/HDD - One Touch/WEBDL/footfetishforum/Candid Feet Hot Maturewoman With Sandals On Train/Slippers dangling, heel close-up. [152169778].mp4
220022022	/Volumes/HDD - One Touch/WEBDL/patreon/unknown/Slippers dangling, heel close-up. _ Patreon/Slippers dangling, heel close-up. [152169778].mp4
220014106	/Volumes/HDD - One Touch/WEBDL/youtube/3×8 Women's Diving&ArtisticSwimming TV/Women's Diving _ 3x8TV's Italiano Open Torino 3m Highlights _ #diving #tuffi/Women's Diving ｜ [Part2] Young and beautiful Spanish divers ｜ 3x8 TV's Selection  #diving [pMC5tQbOoK4].mp4
220014106	/Volumes/HDD - One Touch/WEBDL/youtube/3×8 Women's Diving&ArtisticSwimming TV/Women's Diving _ Armstand Dive (Handstand Dive​)｜ 3x8 TV's Selection #diving/Women's Diving ｜ [Part2] Young and beautiful Spanish divers ｜ 3x8 TV's Selection  #diving [pMC5tQbOoK4].mp4
220014106	/Volumes/HDD - One Touch/WEBDL/youtube/3×8 Women's Diving&ArtisticSwimming TV/Women's Diving _ [Part2] Young and beautiful German divers ｜ 3x8 TV's Selection #diving/Women's Diving ｜ [Part2] Young and beautiful Spanish divers ｜ 3x8 TV's Selection  #diving [pMC5tQbOoK4].mp4
220014106	/Volumes/HDD - One Touch/WEBDL/youtube/3×8 Women's Diving&ArtisticSwimming TV/Women's Diving _ [Part1] Young and beautiful German divers ｜ 3x8 TV's Selection #diving/Women's Diving ｜ [Part2] Young and beautiful Spanish divers ｜ 3x8 TV's Selection  #diving [pMC5tQbOoK4].mp4
220014106	/Volumes/HDD - One Touch/WEBDL/youtube/3×8 Women's Diving&ArtisticSwimming TV/Women's Diving _ [Part2] Young and beautiful Spanish divers ｜ 3x8 TV's Selection #diving/Women's Diving ｜ [Part2] Young and beautiful Spanish divers ｜ 3x8 TV's Selection  #diving [pMC5tQbOoK4].mp4
220014106	/Volumes/HDD - One Touch/WEBDL/youtube/3×8 Women's Diving&ArtisticSwimming TV/Women's Diving _ [Part1] Young and beautiful Spanish divers ｜ 3x8 TV's Selection #diving/Women's Diving ｜ [Part2] Young and beautiful Spanish divers ｜ 3x8 TV's Selection  #diving [pMC5tQbOoK4].mp4
220014106	/Volumes/HDD - One Touch/WEBDL/youtube/3×8 Women's Diving&ArtisticSwimming TV/Women's Diving _ Young and beautiful Ukrainian divers ｜ 3x8 TV's Selection #diving/Women's Diving ｜ [Part2] Young and beautiful Spanish divers ｜ 3x8 TV's Selection  #diving [pMC5tQbOoK4].mp4
219989857	/Volumes/HDD - One Touch/WEBDL/imports/videodownloadhelper/4._Classroom_Candid_Feet_#47_1m5baak_141kq8w.mkv
219561085	/Volumes/HDD - One Touch/WEBDL/Videodownloadhelper/Bethanys Hello Kitty Socks - Dreamgirls in Socks - Tubesafari.co.mkv
219503960	/Volumes/HDD - One Touch/WEBDL/youtube/Socks Anon/(prev) Talia tickled on the phone/Candid sole drop + 1 Socks.mp4
219336385	/Volumes/HDD - One Touch/WEBDL/youtube/Socks Anon/(prev) Talia's Revenge Tickling on tia/(prev) Talia's Revenge Tickling on tia.mp4
219284182	/Volumes/HDD - One Touch/WEBDL/CAM-GIRLS/videodownloadhelper/Shaved_Big_Pussy_Lips_Cameltoe_Nudist_Milf_Voyeur_HD_Video_-_zbporn_jly3nm.mp4
219269689	/Volumes/HDD - One Touch/WEBDL/youtube/О СЕМЬЕ/morning routine, my pet keeps me awake. cleaning the shelves/morning routine, my pet keeps me awake. cleaning the shelves.mp4
218605876	/Volumes/HDD - One Touch/WEBDL/CAM-GIRLS/Chatroulette/C01B654-720p.mp4
218472550	/Volumes/HDD - One Touch/WEBDL/_4KDownloader/Feet girls/334. LiZaoZhang Freeing His Feet From Work Boots.mkv
218409307	/Volumes/HDD - One Touch/WEBDL/imports/videodownloadhelper/650._Northern_Cyprus._Famagusta._Северный_Кипр._Фамагуста._4K_Город_призрак._1ri_1a5qxnw.mkv
218228582	/Volumes/HDD - One Touch/WEBDL/_Keep2Share/Sexy Nudists on the Beach, Hidden Cam - Page 4 - Amateur Voyeur Forum/beachnudescvxhc120.mp4
217953850	/Volumes/HDD - One Touch/WEBDL/youtube/Mathilde Waale/The Yoga Challenge/YOGA CHALLENGE mit Vanessa💪🏼💕😂 -Ina Sophie.mp4
217841712	/Volumes/HDD - One Touch/WEBDL/tiktok/@steph_fetz/Steph_fetz 🍩 (@steph_fetz) is LIVE - TikTok LIVE/recording_tiktok_@steph_fetz_Steph_fetz 🍩 (@steph_fetz) is LIVE - TikTok LIVE_2026-04-24T04-02-35-366Z_raw.mp4
217654292	/Volumes/HDD - One Touch/WEBDL/imports/videodownloadhelper/9._YOGA_CHALLENGE_mit_Vanessa💪🏼💕😂_-Ina_Sophie_1yyvtm5.mkv
217342705	/Volumes/HDD - One Touch/WEBDL/_4KDownloader/Feet girls/428. Oil bit just a little.mkv
216929282	/Volumes/HDD - One Touch/WEBDL/_4KDownloader/Medical ASMR Archive/141. 348 - Unintentional ASMR - Assessment   Exam   Head to Toe.mkv
216899914	/Volumes/HDD - One Touch/WEBDL/youtube/ariella/dirty white socks in parking garage on a rainy day/Cleaning & Planting in our backyard ｜ First time vlogging in the Swimming Pool.mp4
216856295	/Volumes/HDD - One Touch/WEBDL/imports/videodownloadhelper/171._Relaxing_Foot_Close-Up_Stylish_Heels_Moment_4p24c.mkv
216392851	/Volumes/HDD - One Touch/WEBDL/youtube/Feet hunter Shoeplay/Candid feet shoeplay videos 2026/Candid feet shoeplay videos 2026.mp4
216281592	/Volumes/HDD - One Touch/WEBDL/youtube/JLuigi/Martial Barefoot FaceKicks - More Demos/Martial Barefoot FaceKicks - More Demos.mov
216247085	/Volumes/HDD - One Touch/WEBDL/_Keep2Share/Keep2Share - Best 2019 sexy milf legs teen toes amar voyeur candid feet 25.mp4/Humiliation POV - Princess Macey - Jade Pigs Like You Belong On The Floor, Oinking, Paying And Licking My Feet_XF_Foot39.mp4
216234070	/Volumes/HDD - One Touch/WEBDL/CAM-GIRLS/xvideos/unknown/Pretty girl Minni Love play with her shaved pussy/Pretty girl Minni Love play with her shaved pussy [uvaehima43b].mp4
216132178	/Volumes/HDD - One Touch/WEBDL/CAM-GIRLS/Chatroulette/Ebony slut masturbates on monkey app MOTHERLESS.COM.mp4
215891023	/Volumes/HDD - One Touch/WEBDL/Videodownloadhelper/Long Legged Dirty Teen Lilly Luck - Boob and Foot Play Compilati.mkv
215817556	/Volumes/HDD - One Touch/WEBDL/youtube/ariella/dirty white socks in parking garage on a rainy day/Elena inflatable ring and waves.mp4
215762880	/Volumes/HDD - One Touch/WEBDL/CAM-GIRLS/videodownloadhelper/eporner/unknown/Foot Fetish/Foot Fetish [kbFRuqEDrUp].mp4.part
215679977	/Volumes/HDD - One Touch/WEBDL/imports/videodownloadhelper/244._Russia_Mountain_River._Адыгея_река_Белая._4K_ix7tuv_1teuq34.mkv
215309410	/Volumes/HDD - One Touch/WEBDL/_4KDownloader/Feet girls/2319-6fb5-5925-de41.part
215220272	/Volumes/HDD - One Touch/WEBDL/tiktok/@lisa.marty/Lisa Marty (@lisa.marty) is LIVE - TikTok LIVE/recording_tiktok_@lisa.marty_Lisa Marty (@lisa.marty) is LIVE - TikTok LIVE_2026-04-17T16-32-13-070Z_raw.mp4
215046359	/Volumes/HDD - One Touch/WEBDL/CAM-GIRLS/Chatroulette/Chatroulette Webcam girls feet 10.mp4
214900344	/Volumes/HDD - One Touch/WEBDL/_Keep2Share/Webcam girls show off their alluring dignity - Page 8 - Amateur Voyeur Forum/WebCamVideos003836.mp4
214376494	/Volumes/HDD - One Touch/WEBDL/_Keep2Share/Fetish - Feet Foot Fetishes - JDForum.net/jos7q1voi33rs12q.mp4
214182487	/Volumes/HDD - One Touch/WEBDL/youtube/k5n3two/Ed Sheeran's Perfect Piano cover Pedal Request/Dragon Ball GT - Italian Opening (English Version).mp4
214038641	/Volumes/HDD - One Touch/WEBDL/_4KDownloader/Feet girls/11. imz x15.mkv
213996542	/Volumes/HDD - One Touch/WEBDL/youtube/Feet Secret Observer/SP106 - SHE IS HOT _ Candid Feet _ Lindos Pés _ Pies Hermosos _ Schöne Füße _ Bellissimi Piedi/SP106 - SHE IS HOT ｜ Candid Feet ｜ Lindos Pés ｜ Pies Hermosos ｜ Schöne Füße ｜ Bellissimi Piedi.mp4
213906484	/Volumes/HDD - One Touch/WEBDL/youtube/k5n3two/Ed Sheeran's Perfect Piano cover Pedal Request/(4K60P) IDOL KYUN2 SPLASH 2023(道玄坂69) 2023.8.5.mp4
213849325	/Volumes/HDD - One Touch/WEBDL/CAM-GIRLS/xvideos/unknown/Amazing babe with natural body doing yoga and fucks herself with a vibrator/Amazing babe with natural body doing yoga and fucks herself with a vibrator [uvbcdfdce51].mp4
213709385	/Volumes/HDD - One Touch/WEBDL/youtube/bluetvsports/Long Jump U23 • Otrokovice Jump 2025/Long Jump U23 • Otrokovice Jump 2025.mp4
213660175	/Volumes/HDD - One Touch/WEBDL/zishy/unknown/cami_sembrabella_first/cami_sembrabella_first.mp4
213452416	/Volumes/HDD - One Touch/WEBDL/youtube/Gena Vlogs/LAST VLOG IN MALTA_ BOAT TRIP (Blue Lagoon)/LAST VLOG IN MALTA： BOAT TRIP (Blue Lagoon).mp4
213287720	/Volumes/HDD - One Touch/WEBDL/footfetishforum/Candid Feet Hot Maturewoman With Sandals On Train/Slippers and toes close-up. [152822344].mp4
213198803	/Volumes/HDD - One Touch/WEBDL/_4KDownloader/Medical ASMR Archive/109. 380 - Unintentional ASMR - Assessment   Exam   Head to Toe.mkv
213011007	/Volumes/HDD - One Touch/WEBDL/youtube/The feet world/Eva Murati feet Live/Eva Murati feet Live [dh37Yd5g798].mp4
212931465	/Volumes/HDD - One Touch/WEBDL/imports/videodownloadhelper/62._Greece_Crete_Hersonissos_Beach_🇬🇷🌞🌴_tv4a9h_fexyc6.mkv
212583115	/Volumes/HDD - One Touch/WEBDL/youtube/Nini Sun/Weekend in rural Japan 🌾/Weekend in rural Japan 🌾.mp4
212063542	/Volumes/HDD - One Touch/WEBDL/_Keep2Share/Keep2Share - Home/Petra  Petras Elegant Foot Tease Pink Sandals Wrinkled Soles  Toe Spread.mp4
212046537	/Volumes/HDD - One Touch/WEBDL/other/Квесты тайн/Gamergirl feet gameplay Atomic Heart feetjoi asmr soles - Stacy/Gamergirl feet gameplay Atomic Heart feetjoi asmr soles - Stacy.mp4
211983623	/Volumes/HDD - One Touch/WEBDL/_4KDownloader/Feet girls/447. PLAY WITH ME!  Never Have I Ever  game   ASMR Whispering.mkv
211927755	/Volumes/HDD - One Touch/WEBDL/_4KDownloader/hub/1449/POV： CRAZIEST Waterslide at Aquapark Nessebar Waterpark ｜ Giant Slalom Waterslide [zcEOBAQ4jEE].mp4
211751847	/Volumes/HDD - One Touch/WEBDL/_4KDownloader/Medical ASMR Archive/25. 464 - Unintentional ASMR - Assessment   Exam   Head to Toe.mkv
211644873	/Volumes/HDD - One Touch/WEBDL/youtube/ariella/dirty white socks in parking garage on a rainy day/in a pink tracksuit in a green pool.mp4
211640318	/Volumes/HDD - One Touch/WEBDL/youtube/SuperStarberst/The Flight Attendant From Heaven/Removing pink boots and socks.mp4
211640318	/Volumes/HDD - One Touch/WEBDL/youtube/NJ Silk/White Girl Soles in the Library/Removing pink boots and socks.mp4
211289039	/Volumes/HDD - One Touch/WEBDL/imports/videodownloadhelper/10._Chill_Visuals_to_Relax_&_Unwind_Curated_Poses_1xws32g.mkv
211175368	/Volumes/HDD - One Touch/WEBDL/zishy/unknown/kari_pitinova_finale/kari_pitinova_finale.mp4
210983180	/Volumes/HDD - One Touch/WEBDL/footfetishforum/Candid Feet Hot Maturewoman With Sandals On Train/Bratty sandals and crossed legs in nylon. [152245513].mp4
210920184	/Volumes/HDD - One Touch/WEBDL/youtube/Toro Is Back/Barefoot Russian Girl Part 6/Girls Casually Going Barefoot Part 8 [m6MAuj2Eay4].mp4
210920184	/Volumes/HDD - One Touch/WEBDL/youtube/Toro Is Back/Girls Casually Going Barefoot Part 7/Girls Casually Going Barefoot Part 8 [m6MAuj2Eay4].mp4
210814455	/Volumes/HDD - One Touch/WEBDL/youtube/ariella/dirty white socks in parking garage on a rainy day/Wetlook - An happy splash with sneakers and socks.mp4
210737246	/Volumes/HDD - One Touch/WEBDL/imports/videodownloadhelper/1._Trying_a_new_trick_and_a_new_challenge_alert_vhzcfb_56ng2x.mkv
210188615	/Volumes/HDD - One Touch/WEBDL/imports/videodownloadhelper/674._Greece._Creta._Beach_walk._Malia._19gua98_15sauw3.mkv
210147228	/Volumes/HDD - One Touch/WEBDL/_4KDownloader/Feet JOI/17. SNOWBUNNY JOI FEET SOLES GIRL TOES  ‎.mkv
210085650	/Volumes/HDD - One Touch/WEBDL/_4KDownloader/Feet & Soles/53. Cute colombian girl shows feet 1.mkv
210066466	/Volumes/HDD - One Touch/WEBDL/youtube/k5n3two/Ed Sheeran's Perfect Piano cover Pedal Request/my stroke dream example. only one like i imagine for myself..mp4
209915231	/Volumes/HDD - One Touch/WEBDL/_4KDownloader/Medical ASMR Archive/214. 275 - Unintentional ASMR - Assessment   Exam   Head to Toe.mkv
209857310	/Volumes/HDD - One Touch/WEBDL/youtube/k5n3two/Ed Sheeran's Perfect Piano cover Pedal Request/＊Contemporary Dance＊⧸ solo ⧸ Smooth Move 2023 - Wołczyn.mp4
